Order ID,Order Date,Ship Date,Ship Mode,Customer Name,Segment,Region,State,City,Category,Sub-Category,Product Name,Quantity,Discount,Sales,Profit
US-2023-100773,2023-01-01,2023-01-04,First Class,Robert Davis,Corporate,Central,Illinois,Chicago,Office Supplies,Binders,3-Ring Binder,8,0.0,279.6,29.98
US-2023-100897,2023-01-01,2023-01-05,Standard Class,Patricia Williams,Corporate,West,Nevada,Las Vegas,Office Supplies,Paper,Copy Paper 500ct,2,0.4,31.76,6.04
US-2023-100632,2023-01-01,2023-01-04,Standard Class,Daniel Martinez,Consumer,East,New York,New York City,Technology,Phones,Phone Case,2,0.1,1131.65,102.01
US-2023-100036,2023-01-02,2023-01-08,Standard Class,Linda Jones,Home Office,West,Nevada,Las Vegas,Office Supplies,Storage,Storage Box,14,0.1,327.2,77.75
US-2023-100169,2023-01-02,2023-01-03,Standard Class,Joseph Jackson,Consumer,Central,Ohio,Columbus,Office Supplies,Paper,Sticky Notes,7,0.1,165.94,25.78
US-2023-101677,2023-01-02,2023-01-08,Second Class,Lisa Moore,Consumer,West,Arizona,Tucson,Office Supplies,Labels,Shipping Labels,9,0.3,262.96,16.26
US-2023-101440,2023-01-02,2023-01-06,Second Class,Lisa Jackson,Corporate,South,Tennessee,Nashville,Technology,Machines,Label Printer,11,0.2,7888.03,-619.51
US-2023-101327,2023-01-03,2023-01-05,Standard Class,Margaret Martin,Consumer,Central,Ohio,Cleveland,Furniture,Furnishings,Desk Lamp,14,0.3,4109.76,476.49
US-2023-100867,2023-01-03,2023-01-09,Standard Class,Susan Johnson,Consumer,West,Oregon,Eugene,Office Supplies,Labels,Shipping Labels,5,0.0,119.59,15.85
US-2023-101848,2023-01-03,2023-01-09,Standard Class,Robert Hernandez,Consumer,East,Pennsylvania,Philadelphia,Technology,Copiers,Desktop Copier,11,0.1,7667.05,-583.79
US-2023-101890,2023-01-04,2023-01-06,Standard Class,Patricia Williams,Home Office,South,North Carolina,Charlotte,Office Supplies,Storage,Filing Cabinet,2,0.1,39.27,3.96
US-2023-100454,2023-01-05,2023-01-06,Standard Class,Nancy Brown,Corporate,East,Massachusetts,Boston,Technology,Phones,Cordless Phone,13,0.3,2931.55,-262.03
US-2023-100994,2023-01-06,2023-01-07,First Class,Robert Davis,Home Office,Central,Ohio,Columbus,Office Supplies,Labels,Shipping Labels,2,0.1,71.66,9.21
US-2023-101227,2023-01-07,2023-01-12,Standard Class,James Jackson,Consumer,East,Massachusetts,Worcester,Technology,Accessories,Wireless Mouse,7,0.1,2123.26,366.95
US-2023-101635,2023-01-07,2023-01-09,Standard Class,Anthony Williams,Corporate,South,Tennessee,Nashville,Furniture,Tables,Adjustable Height Desk,10,0.4,1970.15,113.74
US-2023-101967,2023-01-07,2023-01-10,Standard Class,John Lopez,Home Office,West,Oregon,Portland,Furniture,Chairs,Mesh Task Chair,12,0.1,3125.6,169.65
US-2023-100495,2023-01-08,2023-01-14,Second Class,Robert Hernandez,Consumer,West,Nevada,Las Vegas,Office Supplies,Labels,Address Labels,7,0.2,254.69,75.65
US-2023-100273,2023-01-09,2023-01-10,Standard Class,Lisa Rodriguez,Corporate,West,Oregon,Portland,Furniture,Tables,Glass Coffee Table,7,0.1,3872.69,-97.53
US-2023-100182,2023-01-09,2023-01-11,Second Class,Nancy Brown,Home Office,East,New Jersey,Jersey City,Office Supplies,Binders,View Binder,5,0.2,226.78,72.26
US-2023-100423,2023-01-09,2023-01-10,First Class,John Lopez,Consumer,West,Oregon,Eugene,Technology,Machines,Laminator,8,0.2,262.11,44.43
US-2023-101442,2023-01-09,2023-01-14,First Class,Matthew Martinez,Consumer,Central,Wisconsin,Madison,Office Supplies,Art,Ballpoint Pens (12pk),13,0.15,153.94,21.44
US-2023-101827,2023-01-10,2023-01-13,Same Day,Richard Anderson,Consumer,Central,Texas,Austin,Technology,Accessories,Wireless Mouse,12,0.0,7229.47,388.19
US-2023-100498,2023-01-10,2023-01-11,Standard Class,Jennifer Anderson,Home Office,South,North Carolina,Raleigh,Office Supplies,Binders,View Binder,7,0.0,48.41,9.5
US-2023-100155,2023-01-10,2023-01-13,Second Class,Karen Miller,Corporate,East,Pennsylvania,Philadelphia,Technology,Phones,Smartphone X200,1,0.0,893.56,53.19
US-2023-100969,2023-01-10,2023-01-16,Standard Class,Susan Johnson,Corporate,Central,Texas,Houston,Office Supplies,Storage,Storage Bin,11,0.0,567.86,158.21
US-2023-101144,2023-01-10,2023-01-15,Standard Class,James Williams,Consumer,Central,Ohio,Cleveland,Technology,Copiers,Desktop Copier,9,0.2,415.11,112.51
US-2023-100877,2023-01-11,2023-01-13,Standard Class,James Rodriguez,Corporate,South,North Carolina,Raleigh,Furniture,Furnishings,Floor Mat,4,0.0,2996.37,386.79
US-2023-100801,2023-01-11,2023-01-12,Second Class,James Williams,Consumer,Central,Illinois,Chicago,Technology,Copiers,Desktop Copier,6,0.0,2175.0,403.8
US-2023-101870,2023-01-11,2023-01-18,Standard Class,John Davis,Corporate,Central,Illinois,Springfield,Technology,Phones,Phone Case,12,0.0,11857.57,1300.58
US-2023-100308,2023-01-12,2023-01-16,Standard Class,Robert Williams,Consumer,East,Massachusetts,Boston,Technology,Machines,Paper Shredder,8,0.1,6397.65,63.33
US-2023-100791,2023-01-12,2023-01-15,Second Class,Linda Johnson,Consumer,South,Florida,Tampa,Furniture,Tables,Round Conference Table,1,0.0,488.56,35.19
US-2023-100176,2023-01-13,2023-01-20,Standard Class,John Rodriguez,Consumer,Central,Michigan,Detroit,Furniture,Furnishings,Floor Mat,12,0.1,6300.38,-100.26
US-2023-100505,2023-01-14,2023-01-20,Standard Class,Thomas Brown,Consumer,West,Nevada,Las Vegas,Office Supplies,Art,Markers Set,9,0.2,68.82,15.6
US-2023-101167,2023-01-14,2023-01-16,First Class,Nancy Moore,Consumer,East,New York,Albany,Office Supplies,Labels,Address Labels,5,0.0,147.7,40.51
US-2023-101208,2023-01-14,2023-01-15,First Class,Joseph Smith,Corporate,Central,Ohio,Columbus,Office Supplies,Paper,Sticky Notes,14,0.0,671.85,149.16
US-2023-101507,2023-01-14,2023-01-18,First Class,Mary Davis,Corporate,South,Florida,Orlando,Furniture,Chairs,Mesh Task Chair,13,0.1,4226.44,570.86
US-2023-101722,2023-01-14,2023-01-17,First Class,Linda Davis,Consumer,West,Washington,Spokane,Technology,Accessories,Wireless Mouse,10,0.2,5829.75,-38.97
US-2023-100967,2023-01-15,2023-01-22,Standard Class,Patricia Williams,Consumer,Central,Wisconsin,Madison,Office Supplies,Art,Ballpoint Pens (12pk),13,0.1,236.99,50.07
US-2023-100331,2023-01-15,2023-01-21,First Class,Robert Davis,Corporate,East,New York,Buffalo,Technology,Copiers,Desktop Copier,7,0.15,2456.97,-106.61
US-2023-100354,2023-01-15,2023-01-20,Standard Class,Thomas Rodriguez,Corporate,Central,Michigan,Detroit,Technology,Accessories,Laptop Sleeve,4,0.2,739.12,185.67
US-2023-101199,2023-01-16,2023-01-20,Standard Class,Michael Davis,Corporate,South,Tennessee,Nashville,Furniture,Furnishings,Wall Clock,3,0.15,1428.13,224.77
US-2023-100541,2023-01-17,2023-01-22,Standard Class,Lisa Rodriguez,Home Office,Central,Ohio,Cleveland,Technology,Phones,Smartphone X200,7,0.1,4787.22,987.27
US-2023-101784,2023-01-17,2023-01-20,Second Class,Thomas Garcia,Consumer,West,Nevada,Reno,Furniture,Bookcases,5-Shelf Bookcase,10,0.1,3254.7,159.96
US-2023-100937,2023-01-18,2023-01-25,Second Class,Sarah Garcia,Corporate,West,California,Los Angeles,Technology,Machines,Label Printer,2,0.0,392.0,41.18
US-2023-101049,2023-01-19,2023-01-22,Standard Class,William Rodriguez,Consumer,Central,Ohio,Cleveland,Office Supplies,Paper,Copy Paper 500ct,3,0.15,28.51,2.25
US-2023-100503,2023-01-19,2023-01-24,First Class,Sandra Jackson,Home Office,East,Pennsylvania,Philadelphia,Furniture,Chairs,Stackable Chair,4,0.0,545.54,52.19
US-2023-100162,2023-01-20,2023-01-24,First Class,Anthony Williams,Corporate,Central,Ohio,Columbus,Office Supplies,Labels,Address Labels,13,0.0,387.68,56.79
US-2023-100657,2023-01-20,2023-01-27,Standard Class,Sarah Brown,Consumer,East,New Jersey,Newark,Office Supplies,Paper,Sticky Notes,7,0.2,100.44,7.95
US-2023-101228,2023-01-20,2023-01-21,Second Class,Karen Miller,Corporate,East,New York,Albany,Technology,Machines,Laminator,5,0.1,5286.25,-401.05
US-2023-100853,2023-01-21,2023-01-24,Standard Class,Matthew Hernandez,Consumer,Central,Michigan,Detroit,Technology,Accessories,Laptop Sleeve,13,0.0,9028.54,148.14
US-2023-100858,2023-01-22,2023-01-28,Same Day,Karen Anderson,Corporate,Central,Michigan,Ann Arbor,Office Supplies,Paper,Copy Paper 500ct,5,0.0,248.47,74.09
US-2023-100742,2023-01-22,2023-01-23,First Class,James Moore,Corporate,East,Pennsylvania,Pittsburgh,Office Supplies,Labels,Address Labels,14,0.3,208.03,56.81
US-2023-101733,2023-01-22,2023-01-29,Second Class,Richard Anderson,Consumer,East,Virginia,Arlington,Office Supplies,Binders,Heavy-Duty Binder,10,0.15,31.48,10.25
US-2023-101402,2023-01-22,2023-01-25,Second Class,John Rodriguez,Home Office,East,Pennsylvania,Philadelphia,Office Supplies,Storage,Storage Box,12,0.2,393.24,112.69
US-2023-100338,2023-01-22,2023-01-25,Standard Class,Joseph Smith,Consumer,West,Oregon,Eugene,Technology,Accessories,USB-C Hub,4,0.3,845.11,25.57
US-2023-101473,2023-01-23,2023-01-28,Standard Class,Sarah Garcia,Consumer,East,Massachusetts,Boston,Office Supplies,Storage,Storage Box,14,0.15,696.11,203.33
US-2023-100757,2023-01-23,2023-01-27,Standard Class,Lisa Anderson,Consumer,East,Virginia,Richmond,Furniture,Chairs,Ergonomic Office Chair,7,0.0,1350.9,-8.53
US-2023-100644,2023-01-23,2023-01-27,Standard Class,Mark Martinez,Consumer,Central,Michigan,Detroit,Furniture,Bookcases,Corner Bookcase,13,0.2,6010.73,354.16
US-2023-100226,2023-01-23,2023-01-25,Second Class,Richard Rodriguez,Corporate,Central,Texas,Dallas,Technology,Copiers,Desktop Copier,1,0.1,168.86,-6.21
US-2023-100683,2023-01-23,2023-01-25,First Class,Karen Miller,Corporate,West,Nevada,Las Vegas,Office Supplies,Labels,Shipping Labels,13,0.2,546.02,86.47
US-2023-101405,2023-01-24,2023-01-26,Standard Class,Matthew Hernandez,Corporate,East,Virginia,Arlington,Technology,Copiers,Multifunction Printer,2,0.2,1344.68,263.42
US-2023-101132,2023-01-24,2023-01-26,Second Class,Robert Miller,Corporate,West,Arizona,Phoenix,Technology,Machines,Label Printer,9,0.0,3055.26,455.17
US-2023-100660,2023-01-24,2023-01-31,Standard Class,Linda Johnson,Consumer,South,Florida,Miami,Office Supplies,Paper,Sticky Notes,5,0.3,106.62,24.75
US-2023-101119,2023-01-24,2023-01-30,Standard Class,James Rodriguez,Home Office,East,Virginia,Arlington,Technology,Phones,Cordless Phone,13,0.2,12067.15,-723.56
US-2023-101387,2023-01-24,2023-01-31,Second Class,Linda Hernandez,Home Office,Central,Wisconsin,Milwaukee,Furniture,Tables,Adjustable Height Desk,9,0.1,1618.09,188.46
US-2023-100873,2023-01-24,2023-01-30,First Class,Karen Hernandez,Consumer,East,New Jersey,Jersey City,Office Supplies,Paper,Colored Cardstock,2,0.3,27.79,9.39
US-2023-101751,2023-01-26,2023-01-27,Second Class,Sarah Smith,Consumer,South,Tennessee,Memphis,Furniture,Bookcases,5-Shelf Bookcase,12,0.1,7892.48,1282.96
US-2023-100016,2023-01-26,2023-01-27,First Class,John Miller,Consumer,West,Oregon,Eugene,Furniture,Tables,Glass Coffee Table,4,0.1,3191.42,490.88
US-2023-100522,2023-01-27,2023-02-02,Second Class,Linda Hernandez,Home Office,East,Pennsylvania,Philadelphia,Furniture,Tables,Round Conference Table,7,0.0,2605.5,371.57
US-2023-100893,2023-01-27,2023-01-28,First Class,Daniel Williams,Corporate,West,California,San Francisco,Office Supplies,Binders,3-Ring Binder,2,0.0,10.49,0.75
US-2023-101615,2023-01-28,2023-02-02,First Class,James Moore,Consumer,West,Oregon,Eugene,Technology,Copiers,Desktop Copier,10,0.0,5061.94,241.1
US-2023-101810,2023-01-29,2023-01-30,Standard Class,Matthew Miller,Home Office,South,Georgia,Atlanta,Furniture,Chairs,Ergonomic Office Chair,2,0.0,245.99,42.41
US-2023-101051,2023-01-29,2023-02-02,Standard Class,Linda Johnson,Consumer,South,Tennessee,Nashville,Furniture,Tables,Round Conference Table,6,0.1,3478.57,261.87
US-2023-101343,2023-01-29,2023-01-30,First Class,Karen Anderson,Consumer,East,Virginia,Richmond,Furniture,Furnishings,Desk Lamp,7,0.2,3986.64,-168.26
US-2023-100026,2023-01-30,2023-02-03,Second Class,Karen Garcia,Corporate,East,New York,Buffalo,Technology,Accessories,USB-C Hub,14,0.0,6232.03,1461.04
US-2023-101706,2023-01-30,2023-02-05,Standard Class,Linda Jones,Home Office,Central,Illinois,Chicago,Furniture,Chairs,Mesh Task Chair,2,0.3,367.8,13.41
US-2023-101358,2023-01-31,2023-02-07,Standard Class,Thomas Brown,Consumer,West,Washington,Spokane,Technology,Phones,Phone Case,14,0.2,4512.04,862.41
US-2023-101821,2023-01-31,2023-02-03,Same Day,Daniel Williams,Consumer,West,Oregon,Portland,Office Supplies,Art,Ballpoint Pens (12pk),2,0.1,80.66,16.93
US-2023-101102,2023-02-01,2023-02-02,Second Class,Nancy Moore,Consumer,South,Florida,Tampa,Furniture,Furnishings,Desk Lamp,11,0.0,7591.11,23.63
US-2023-101773,2023-02-01,2023-02-02,Standard Class,Richard Lopez,Corporate,West,California,Los Angeles,Office Supplies,Art,Ballpoint Pens (12pk),3,0.0,147.05,47.55
US-2023-100961,2023-02-02,2023-02-09,Standard Class,Lisa Rodriguez,Corporate,Central,Michigan,Ann Arbor,Office Supplies,Storage,Storage Box,4,0.1,64.33,12.29
US-2023-101218,2023-02-03,2023-02-08,Second Class,Linda Davis,Consumer,Central,Illinois,Chicago,Office Supplies,Storage,Storage Box,13,0.1,385.52,117.17
US-2023-101668,2023-02-03,2023-02-07,Standard Class,Matthew Rodriguez,Home Office,Central,Texas,Houston,Furniture,Tables,Glass Coffee Table,7,0.1,3548.61,416.84
US-2023-101370,2023-02-03,2023-02-05,Standard Class,Jennifer Anderson,Consumer,South,Alabama,Birmingham,Office Supplies,Binders,View Binder,2,0.0,72.02,21.35
US-2023-101195,2023-02-05,2023-02-10,Standard Class,Karen Anderson,Consumer,West,Oregon,Eugene,Technology,Accessories,Laptop Sleeve,4,0.0,4599.31,-32.3
US-2023-100977,2023-02-06,2023-02-13,First Class,James Rodriguez,Home Office,East,New Jersey,Newark,Office Supplies,Paper,Colored Cardstock,14,0.0,543.11,98.93
US-2023-101534,2023-02-06,2023-02-10,First Class,Michael Thomas,Home Office,West,Nevada,Reno,Office Supplies,Binders,Heavy-Duty Binder,8,0.1,284.26,65.16
US-2023-100880,2023-02-07,2023-02-13,Standard Class,Charles Davis,Consumer,East,New York,New York City,Office Supplies,Storage,Filing Cabinet,12,0.1,205.73,61.49
US-2023-101601,2023-02-07,2023-02-13,Same Day,Richard Lopez,Consumer,Central,Michigan,Ann Arbor,Furniture,Chairs,Stackable Chair,10,0.2,4418.92,187.08
US-2023-100322,2023-02-07,2023-02-13,Standard Class,Thomas Martin,Corporate,South,Florida,Miami,Technology,Copiers,Desktop Copier,3,0.15,2783.07,-263.11
US-2023-101462,2023-02-08,2023-02-09,Second Class,Betty Hernandez,Home Office,Central,Ohio,Cleveland,Technology,Phones,Phone Case,12,0.1,7883.29,1525.99
US-2023-101782,2023-02-09,2023-02-16,First Class,Daniel Williams,Corporate,Central,Michigan,Ann Arbor,Technology,Phones,Phone Case,13,0.0,6852.0,-607.51
US-2023-101427,2023-02-09,2023-02-15,Standard Class,Jennifer Anderson,Corporate,West,Washington,Seattle,Furniture,Tables,Adjustable Height Desk,3,0.0,1916.6,194.2
US-2023-100830,2023-02-09,2023-02-16,Second Class,Robert Miller,Home Office,West,Washington,Seattle,Office Supplies,Art,Markers Set,1,0.1,38.93,7.59
US-2023-101146,2023-02-10,2023-02-15,Standard Class,Richard Anderson,Consumer,East,Pennsylvania,Pittsburgh,Technology,Machines,Paper Shredder,3,0.0,1942.52,437.38
US-2023-100010,2023-02-10,2023-02-13,Same Day,Matthew Miller,Consumer,West,Oregon,Portland,Office Supplies,Binders,View Binder,4,0.15,138.32,47.33
US-2023-100486,2023-02-10,2023-02-12,First Class,Matthew Garcia,Corporate,East,New York,New York City,Technology,Accessories,Wireless Mouse,10,0.3,4816.84,444.77
US-2023-101171,2023-02-11,2023-02-15,Standard Class,Elizabeth Martin,Consumer,South,North Carolina,Raleigh,Office Supplies,Binders,Heavy-Duty Binder,7,0.0,57.05,3.11
US-2023-101521,2023-02-11,2023-02-16,Standard Class,Linda Johnson,Consumer,Central,Michigan,Ann Arbor,Office Supplies,Binders,View Binder,7,0.4,73.52,6.72
US-2023-101893,2023-02-12,2023-02-17,Standard Class,Linda Jones,Consumer,West,Washington,Seattle,Office Supplies,Binders,View Binder,6,0.2,194.58,25.48
US-2023-100506,2023-02-12,2023-02-17,Second Class,Matthew Garcia,Consumer,East,New Jersey,Newark,Office Supplies,Binders,3-Ring Binder,11,0.0,145.09,34.2
US-2023-100779,2023-02-13,2023-02-16,First Class,Richard Brown,Corporate,Central,Illinois,Springfield,Technology,Copiers,Multifunction Printer,9,0.0,1797.38,401.57
US-2023-100281,2023-02-13,2023-02-15,Standard Class,Sarah Garcia,Corporate,South,North Carolina,Raleigh,Office Supplies,Labels,Address Labels,9,0.1,478.4,162.07
US-2023-101308,2023-02-15,2023-02-18,First Class,Mary Davis,Consumer,West,Arizona,Tucson,Office Supplies,Paper,Sticky Notes,6,0.0,199.01,62.95
US-2023-101506,2023-02-15,2023-02-18,First Class,Matthew Jones,Consumer,South,Florida,Miami,Office Supplies,Binders,View Binder,11,0.0,586.36,190.01
US-2023-100527,2023-02-15,2023-02-20,Same Day,Richard Gonzalez,Consumer,East,Virginia,Richmond,Office Supplies,Binders,3-Ring Binder,13,0.0,62.23,17.14
US-2023-100290,2023-02-16,2023-02-19,Same Day,Richard Rodriguez,Corporate,East,New York,New York City,Furniture,Chairs,Mesh Task Chair,6,0.0,3184.49,47.05
US-2023-101231,2023-02-17,2023-02-18,Same Day,Robert Williams,Consumer,South,North Carolina,Charlotte,Technology,Phones,Cordless Phone,8,0.15,1445.74,-32.73
US-2023-101955,2023-02-17,2023-02-23,First Class,Nancy Rodriguez,Corporate,East,New York,Buffalo,Technology,Accessories,Laptop Sleeve,12,0.3,1294.22,16.1
US-2023-101505,2023-02-17,2023-02-23,Standard Class,John Brown,Corporate,Central,Ohio,Columbus,Technology,Copiers,Desktop Copier,11,0.15,6394.11,-174.42
US-2023-101969,2023-02-17,2023-02-22,Standard Class,Linda Johnson,Consumer,South,Tennessee,Memphis,Technology,Copiers,Multifunction Printer,6,0.0,5356.49,97.08
US-2023-101927,2023-02-18,2023-02-24,Standard Class,Robert Williams,Consumer,West,California,San Diego,Office Supplies,Binders,3-Ring Binder,5,0.1,67.5,20.39
US-2023-101689,2023-02-18,2023-02-25,Standard Class,Margaret Brown,Consumer,Central,Ohio,Columbus,Furniture,Furnishings,Desk Lamp,5,0.0,1745.38,91.78
US-2023-101291,2023-02-19,2023-02-24,First Class,Daniel Williams,Consumer,Central,Michigan,Detroit,Technology,Copiers,Desktop Copier,10,0.2,9442.0,21.37
US-2023-100309,2023-02-22,2023-02-28,Second Class,Karen Anderson,Corporate,West,Arizona,Tucson,Technology,Machines,Label Printer,5,0.0,1827.87,10.2
US-2023-100510,2023-02-22,2023-02-28,Standard Class,Anthony Williams,Home Office,West,Arizona,Phoenix,Office Supplies,Paper,Colored Cardstock,4,0.15,48.21,16.47
US-2023-100814,2023-02-22,2023-02-24,Standard Class,Robert Miller,Home Office,South,North Carolina,Raleigh,Office Supplies,Art,Markers Set,3,0.0,166.56,27.64
US-2023-101528,2023-02-22,2023-02-28,Standard Class,Matthew Garcia,Consumer,South,Georgia,Savannah,Technology,Machines,Label Printer,1,0.1,704.55,94.08
US-2023-100417,2023-02-23,2023-02-25,First Class,Matthew Garcia,Consumer,West,Oregon,Portland,Office Supplies,Storage,Filing Cabinet,4,0.2,115.17,9.73
US-2023-100461,2023-02-23,2023-03-01,Standard Class,Betty Johnson,Home Office,South,Alabama,Montgomery,Furniture,Chairs,Executive Leather Chair,3,0.1,2290.01,304.35
US-2023-101618,2023-02-23,2023-02-24,Second Class,Sandra Jackson,Consumer,West,Nevada,Las Vegas,Furniture,Chairs,Ergonomic Office Chair,5,0.0,2887.57,-87.18
US-2023-101499,2023-02-23,2023-03-02,First Class,Linda Johnson,Consumer,East,New York,Albany,Office Supplies,Storage,Storage Bin,10,0.0,78.93,8.52
US-2023-100002,2023-02-25,2023-03-03,Standard Class,Karen Hernandez,Consumer,South,Georgia,Atlanta,Furniture,Furnishings,Wall Clock,11,0.0,9753.69,1445.35
US-2023-101718,2023-02-25,2023-02-28,Second Class,Lisa Jackson,Home Office,East,New York,Buffalo,Technology,Accessories,USB-C Hub,12,0.0,13154.42,1423.11
US-2023-100481,2023-02-25,2023-03-04,First Class,Thomas Rodriguez,Consumer,Central,Michigan,Detroit,Technology,Copiers,Desktop Copier,12,0.1,7616.96,-154.54
US-2023-100943,2023-02-25,2023-03-01,Standard Class,Charles Miller,Consumer,West,Oregon,Portland,Office Supplies,Paper,Sticky Notes,12,0.3,55.63,11.64
US-2023-100282,2023-02-25,2023-03-03,Standard Class,James Jackson,Consumer,South,Tennessee,Memphis,Technology,Machines,Laminator,9,0.0,7073.45,866.29
US-2023-100199,2023-02-25,2023-02-26,Second Class,Matthew Rodriguez,Home Office,East,Massachusetts,Worcester,Office Supplies,Art,Ballpoint Pens (12pk),11,0.1,310.1,85.41
US-2023-100929,2023-02-25,2023-03-02,Standard Class,Anthony Williams,Corporate,East,Pennsylvania,Philadelphia,Furniture,Chairs,Mesh Task Chair,4,0.15,698.85,62.56
US-2023-100218,2023-02-25,2023-03-04,Second Class,Richard Gonzalez,Consumer,East,Pennsylvania,Philadelphia,Office Supplies,Storage,Storage Box,13,0.1,698.14,49.02
US-2023-100578,2023-02-26,2023-02-27,Standard Class,Linda Johnson,Consumer,West,Arizona,Phoenix,Office Supplies,Binders,View Binder,5,0.2,235.99,69.97
US-2023-101245,2023-02-26,2023-03-03,Second Class,Matthew Hernandez,Corporate,Central,Illinois,Chicago,Office Supplies,Binders,View Binder,3,0.3,105.5,18.82
US-2023-101108,2023-02-26,2023-03-01,Standard Class,Michael Davis,Consumer,West,Nevada,Las Vegas,Technology,Machines,Laminator,1,0.15,386.77,0.89
US-2023-101498,2023-02-26,2023-02-28,Second Class,Robert Jackson,Corporate,East,New York,Albany,Office Supplies,Labels,Address Labels,9,0.0,152.78,52.65
US-2023-101034,2023-02-27,2023-03-03,Standard Class,Matthew Jones,Home Office,East,Pennsylvania,Pittsburgh,Technology,Machines,Laminator,10,0.0,5657.4,-501.27
US-2023-100110,2023-02-27,2023-03-01,Standard Class,Mark Martinez,Consumer,South,Alabama,Birmingham,Office Supplies,Binders,View Binder,9,0.15,119.2,33.59
US-2023-101906,2023-02-28,2023-03-03,Second Class,Sandra Smith,Consumer,South,Alabama,Birmingham,Technology,Accessories,USB-C Hub,1,0.0,1196.09,134.28
US-2023-101952,2023-02-28,2023-03-07,Second Class,Margaret Brown,Home Office,Central,Ohio,Columbus,Furniture,Tables,Round Conference Table,7,0.0,5498.7,150.28
US-2023-100810,2023-02-28,2023-03-04,Standard Class,Joseph Brown,Home Office,East,New York,Buffalo,Technology,Machines,Paper Shredder,3,0.0,3061.35,604.92
US-2023-100932,2023-02-28,2023-03-05,Second Class,Betty Johnson,Corporate,Central,Texas,Houston,Office Supplies,Art,Markers Set,14,0.1,28.79,6.57
US-2023-101302,2023-03-01,2023-03-06,Standard Class,Nancy Moore,Corporate,West,Nevada,Las Vegas,Office Supplies,Binders,View Binder,10,0.2,252.61,43.32
US-2023-101536,2023-03-01,2023-03-05,Standard Class,Lisa Jackson,Corporate,South,Georgia,Savannah,Technology,Machines,Paper Shredder,3,0.0,1038.02,219.75
US-2023-100404,2023-03-01,2023-03-07,Standard Class,Karen Anderson,Home Office,East,Massachusetts,Boston,Office Supplies,Binders,Heavy-Duty Binder,12,0.1,570.21,148.39
US-2023-100591,2023-03-01,2023-03-03,Standard Class,James Jackson,Consumer,South,Tennessee,Nashville,Furniture,Chairs,Stackable Chair,4,0.2,439.27,59.64
US-2023-100922,2023-03-02,2023-03-06,Standard Class,Michael Moore,Consumer,East,Pennsylvania,Philadelphia,Furniture,Tables,Glass Coffee Table,12,0.0,801.8,-10.56
US-2023-101487,2023-03-02,2023-03-07,Second Class,Sarah Brown,Corporate,Central,Illinois,Springfield,Furniture,Bookcases,Corner Bookcase,10,0.15,925.47,12.85
US-2023-100257,2023-03-03,2023-03-04,Same Day,Patricia Martinez,Home Office,West,Washington,Seattle,Office Supplies,Labels,Shipping Labels,6,0.0,256.06,88.21
US-2023-101711,2023-03-03,2023-03-10,Standard Class,Matthew Hernandez,Consumer,East,New York,Buffalo,Technology,Machines,Laminator,4,0.15,641.04,48.74
US-2023-100174,2023-03-04,2023-03-11,Second Class,Betty Wilson,Home Office,West,California,San Diego,Office Supplies,Labels,Shipping Labels,7,0.3,128.78,40.5
US-2023-101390,2023-03-04,2023-03-07,Standard Class,Margaret Brown,Consumer,West,Arizona,Phoenix,Furniture,Chairs,Stackable Chair,4,0.0,454.62,49.11
US-2023-100850,2023-03-04,2023-03-11,Standard Class,Patricia Williams,Consumer,East,Massachusetts,Worcester,Technology,Copiers,Desktop Copier,14,0.1,4639.51,28.51
US-2023-101839,2023-03-05,2023-03-10,Standard Class,Thomas Martin,Home Office,Central,Michigan,Ann Arbor,Office Supplies,Paper,Colored Cardstock,13,0.2,421.35,118.1
US-2023-100075,2023-03-06,2023-03-07,First Class,John Rodriguez,Consumer,West,Oregon,Portland,Office Supplies,Binders,3-Ring Binder,14,0.1,461.3,42.93
US-2023-100993,2023-03-06,2023-03-12,Same Day,Susan Johnson,Corporate,East,Pennsylvania,Pittsburgh,Office Supplies,Binders,Heavy-Duty Binder,7,0.0,299.88,30.44
US-2023-100223,2023-03-06,2023-03-09,First Class,Elizabeth Martin,Consumer,East,Pennsylvania,Philadelphia,Technology,Copiers,Multifunction Printer,6,0.2,3052.44,717.29
US-2023-101091,2023-03-06,2023-03-11,Standard Class,Nancy Brown,Home Office,East,Virginia,Richmond,Furniture,Tables,Adjustable Height Desk,8,0.2,2133.17,92.57
US-2023-101320,2023-03-06,2023-03-10,First Class,Sarah Davis,Consumer,South,Florida,Orlando,Office Supplies,Labels,Address Labels,5,0.0,273.31,44.57
US-2023-100959,2023-03-06,2023-03-07,Standard Class,Matthew Hernandez,Corporate,Central,Ohio,Cleveland,Furniture,Furnishings,Floor Mat,5,0.3,427.13,76.32
US-2023-100470,2023-03-07,2023-03-10,Standard Class,Robert Davis,Consumer,South,Tennessee,Nashville,Technology,Accessories,Wireless Mouse,1,0.0,817.18,-79.47
US-2023-100030,2023-03-08,2023-03-12,Standard Class,Sarah Garcia,Home Office,South,Tennessee,Memphis,Office Supplies,Binders,View Binder,8,0.0,308.06,43.48
US-2023-100534,2023-03-08,2023-03-11,Standard Class,Daniel Williams,Corporate,South,Florida,Miami,Furniture,Chairs,Ergonomic Office Chair,6,0.1,4843.84,67.94
US-2023-101868,2023-03-08,2023-03-11,First Class,Linda Davis,Consumer,Central,Texas,Austin,Furniture,Chairs,Stackable Chair,12,0.0,3792.2,339.64
US-2023-100836,2023-03-09,2023-03-16,Standard Class,Mark Lopez,Home Office,Central,Michigan,Detroit,Furniture,Tables,Round Conference Table,13,0.0,9455.14,508.66
US-2023-100947,2023-03-09,2023-03-12,Standard Class,Matthew Garcia,Consumer,East,Virginia,Richmond,Technology,Machines,Paper Shredder,13,0.0,9650.6,1227.7
US-2023-100280,2023-03-09,2023-03-11,Standard Class,Sarah Brown,Corporate,South,Florida,Orlando,Technology,Accessories,Laptop Sleeve,8,0.1,2952.92,-248.36
US-2023-101545,2023-03-09,2023-03-15,Second Class,Karen Miller,Consumer,East,Massachusetts,Worcester,Furniture,Bookcases,5-Shelf Bookcase,7,0.0,1510.99,106.4
US-2023-101736,2023-03-10,2023-03-16,Standard Class,Robert Miller,Consumer,Central,Ohio,Columbus,Office Supplies,Paper,Sticky Notes,8,0.2,126.4,18.41
US-2023-100811,2023-03-10,2023-03-14,Second Class,Robert Jackson,Consumer,South,Georgia,Savannah,Furniture,Chairs,Mesh Task Chair,3,0.15,154.23,6.3
US-2023-101894,2023-03-10,2023-03-13,Same Day,Nancy Brown,Corporate,East,Massachusetts,Worcester,Office Supplies,Binders,3-Ring Binder,7,0.1,333.88,83.5
US-2023-100976,2023-03-10,2023-03-15,Standard Class,Matthew Moore,Consumer,South,Georgia,Atlanta,Technology,Machines,Paper Shredder,13,0.0,1024.3,134.57
US-2023-100946,2023-03-11,2023-03-18,Second Class,John Brown,Home Office,West,Oregon,Eugene,Office Supplies,Binders,View Binder,2,0.0,72.27,4.04
US-2023-100314,2023-03-11,2023-03-12,Second Class,David Taylor,Corporate,East,Virginia,Arlington,Technology,Accessories,USB-C Hub,7,0.0,3862.27,-351.44
US-2023-101590,2023-03-12,2023-03-17,Second Class,Daniel Williams,Corporate,Central,Texas,Dallas,Technology,Accessories,Laptop Sleeve,12,0.3,7053.04,-380.26
US-2023-100052,2023-03-12,2023-03-19,First Class,Sarah Brown,Home Office,West,Washington,Seattle,Furniture,Bookcases,5-Shelf Bookcase,13,0.0,6831.95,875.21
US-2023-101823,2023-03-13,2023-03-14,First Class,Margaret Brown,Corporate,South,North Carolina,Charlotte,Office Supplies,Paper,Copy Paper 500ct,2,0.1,69.19,17.62
US-2023-101417,2023-03-13,2023-03-20,Second Class,Karen Anderson,Consumer,Central,Texas,Dallas,Furniture,Furnishings,Wall Clock,3,0.1,1500.64,201.58
US-2023-100447,2023-03-13,2023-03-17,Standard Class,Robert Johnson,Consumer,East,Pennsylvania,Philadelphia,Technology,Copiers,Multifunction Printer,1,0.3,288.63,-14.7
US-2023-101692,2023-03-13,2023-03-16,Standard Class,Matthew Garcia,Corporate,Central,Michigan,Ann Arbor,Office Supplies,Art,Highlighters,7,0.2,141.79,45.21
US-2023-101469,2023-03-14,2023-03-15,Second Class,Sarah Garcia,Home Office,West,Arizona,Phoenix,Office Supplies,Paper,Colored Cardstock,11,0.0,266.57,92.51
US-2023-100300,2023-03-14,2023-03-21,Standard Class,Lisa Rodriguez,Corporate,Central,Wisconsin,Milwaukee,Office Supplies,Art,Highlighters,5,0.15,107.3,36.71
US-2023-100489,2023-03-14,2023-03-20,Standard Class,Sarah Brown,Home Office,East,Massachusetts,Worcester,Furniture,Bookcases,Corner Bookcase,12,0.2,2748.44,218.88
US-2023-100261,2023-03-14,2023-03-15,Standard Class,Sarah Taylor,Consumer,West,Arizona,Tucson,Office Supplies,Labels,Shipping Labels,4,0.1,201.05,31.82
US-2023-100328,2023-03-14,2023-03-16,Standard Class,David Smith,Corporate,South,Florida,Miami,Technology,Accessories,Wireless Mouse,12,0.2,4994.95,-290.45
US-2023-101614,2023-03-14,2023-03-15,Second Class,Joseph Lopez,Consumer,West,Washington,Spokane,Technology,Machines,Label Printer,14,0.2,5926.52,990.16
US-2023-101315,2023-03-15,2023-03-21,Standard Class,Betty Wilson,Corporate,Central,Texas,Houston,Technology,Phones,Phone Case,14,0.2,1631.75,134.15
US-2023-100062,2023-03-15,2023-03-19,Second Class,Jennifer Anderson,Corporate,South,Georgia,Atlanta,Office Supplies,Paper,Sticky Notes,14,0.0,382.21,68.33
US-2023-101346,2023-03-16,2023-03-21,Same Day,Patricia Lopez,Home Office,West,Washington,Spokane,Technology,Phones,Cordless Phone,10,0.2,1381.86,251.82
US-2023-101174,2023-03-16,2023-03-17,First Class,Anthony Johnson,Home Office,East,New York,Buffalo,Furniture,Chairs,Ergonomic Office Chair,8,0.4,4028.66,683.45
US-2023-100170,2023-03-17,2023-03-20,Standard Class,Joseph Jackson,Consumer,South,Alabama,Birmingham,Furniture,Chairs,Executive Leather Chair,3,0.3,1692.31,296.07
US-2023-100365,2023-03-19,2023-03-26,First Class,Lisa Thomas,Consumer,Central,Illinois,Springfield,Office Supplies,Art,Ballpoint Pens (12pk),14,0.4,156.8,18.47
US-2023-101233,2023-03-19,2023-03-23,Second Class,Michael Moore,Corporate,South,Georgia,Savannah,Technology,Accessories,Laptop Sleeve,9,0.2,5990.0,-348.21
US-2023-100221,2023-03-19,2023-03-20,Second Class,Karen Hernandez,Corporate,West,Oregon,Portland,Technology,Accessories,USB-C Hub,14,0.1,8956.23,981.65
US-2023-100972,2023-03-19,2023-03-21,Second Class,Sandra Jackson,Home Office,West,Oregon,Eugene,Furniture,Furnishings,Wall Clock,12,0.0,1837.95,218.98
US-2023-101885,2023-03-20,2023-03-21,Standard Class,John Lopez,Consumer,East,New Jersey,Newark,Office Supplies,Storage,Storage Box,12,0.0,268.8,26.17
US-2023-100566,2023-03-20,2023-03-22,Same Day,Richard Lopez,Consumer,South,Georgia,Atlanta,Office Supplies,Art,Markers Set,11,0.1,25.39,7.92
US-2023-100225,2023-03-20,2023-03-25,Standard Class,Elizabeth Martin,Home Office,Central,Michigan,Ann Arbor,Technology,Phones,Phone Case,11,0.15,2001.91,115.22
US-2023-101721,2023-03-20,2023-03-21,Second Class,Karen Hernandez,Consumer,East,New York,Buffalo,Furniture,Tables,Glass Coffee Table,11,0.0,9645.16,1227.1
US-2023-100262,2023-03-21,2023-03-23,Standard Class,Joseph Lopez,Consumer,South,North Carolina,Charlotte,Technology,Machines,Paper Shredder,9,0.0,5868.39,807.63
US-2023-100649,2023-03-21,2023-03-27,First Class,James Jackson,Corporate,East,Pennsylvania,Pittsburgh,Office Supplies,Labels,Address Labels,4,0.1,46.45,11.44
US-2023-101610,2023-03-22,2023-03-25,Standard Class,Mary Davis,Consumer,Central,Ohio,Cleveland,Office Supplies,Paper,Colored Cardstock,2,0.3,8.46,1.85
US-2023-100613,2023-03-22,2023-03-28,Standard Class,Jennifer Anderson,Corporate,South,Tennessee,Memphis,Furniture,Tables,Adjustable Height Desk,13,0.0,3209.06,174.24
US-2023-100119,2023-03-22,2023-03-25,Standard Class,Linda Johnson,Home Office,West,Arizona,Phoenix,Office Supplies,Labels,Shipping Labels,7,0.0,112.74,8.36
US-2023-100352,2023-03-22,2023-03-26,Standard Class,Daniel Wilson,Consumer,West,Washington,Seattle,Technology,Accessories,Laptop Sleeve,12,0.1,561.64,-49.17
US-2023-101350,2023-03-23,2023-03-24,Standard Class,Lisa Thomas,Corporate,Central,Ohio,Cleveland,Office Supplies,Art,Ballpoint Pens (12pk),11,0.4,248.49,55.48
US-2023-100652,2023-03-23,2023-03-25,Standard Class,Margaret Martinez,Corporate,South,North Carolina,Raleigh,Furniture,Tables,Adjustable Height Desk,1,0.0,343.18,47.0
US-2023-100769,2023-03-24,2023-03-29,Standard Class,John Lopez,Corporate,West,California,Los Angeles,Office Supplies,Paper,Copy Paper 500ct,6,0.0,300.5,71.61
US-2023-101117,2023-03-25,2023-03-29,First Class,Linda Davis,Corporate,West,Washington,Spokane,Office Supplies,Paper,Sticky Notes,1,0.3,31.87,4.74
US-2023-101900,2023-03-25,2023-03-31,Standard Class,David Taylor,Consumer,West,Washington,Seattle,Technology,Machines,Laminator,4,0.0,4776.56,1121.71
US-2023-101118,2023-03-26,2023-03-28,Same Day,Joseph Jackson,Home Office,Central,Illinois,Springfield,Office Supplies,Paper,Sticky Notes,12,0.0,44.66,9.42
US-2023-100120,2023-03-26,2023-03-30,Standard Class,Richard Brown,Consumer,West,California,San Francisco,Office Supplies,Labels,Shipping Labels,14,0.3,465.44,97.02
US-2023-101502,2023-03-26,2023-03-31,Standard Class,Anthony Taylor,Consumer,East,Virginia,Richmond,Furniture,Bookcases,Corner Bookcase,12,0.3,6174.85,753.88
US-2023-101004,2023-03-26,2023-04-01,Second Class,Chris Brown,Home Office,Central,Illinois,Springfield,Technology,Machines,Paper Shredder,3,0.3,1991.58,-191.15
US-2023-100823,2023-03-26,2023-03-27,First Class,Susan Davis,Corporate,East,Virginia,Richmond,Office Supplies,Labels,Shipping Labels,13,0.3,97.39,28.06
US-2023-100983,2023-03-27,2023-04-03,Standard Class,Betty Wilson,Corporate,South,Tennessee,Nashville,Furniture,Chairs,Ergonomic Office Chair,5,0.0,1095.27,127.75
US-2023-100951,2023-03-27,2023-03-29,First Class,John Garcia,Home Office,East,New York,Albany,Technology,Machines,Label Printer,6,0.15,3563.51,251.09
US-2023-100370,2023-03-27,2023-03-30,Standard Class,Matthew Miller,Consumer,Central,Wisconsin,Milwaukee,Office Supplies,Binders,Heavy-Duty Binder,10,0.3,39.81,12.57
US-2023-101786,2023-03-28,2023-03-29,Standard Class,Anthony Johnson,Corporate,Central,Wisconsin,Milwaukee,Furniture,Furnishings,Desk Lamp,13,0.1,4537.18,-218.64
US-2023-100860,2023-03-28,2023-04-04,First Class,Joseph Jackson,Corporate,South,Florida,Miami,Office Supplies,Labels,Address Labels,3,0.0,32.75,4.25
US-2023-100156,2023-03-28,2023-04-02,First Class,John Rodriguez,Consumer,West,Washington,Spokane,Furniture,Tables,Glass Coffee Table,2,0.15,823.75,-29.39
US-2023-100271,2023-03-29,2023-03-30,Standard Class,Karen Hernandez,Corporate,South,Alabama,Birmingham,Office Supplies,Paper,Copy Paper 500ct,12,0.3,479.12,25.93
US-2023-100269,2023-03-29,2023-04-02,Standard Class,Mary Davis,Corporate,South,Georgia,Atlanta,Office Supplies,Art,Highlighters,9,0.1,344.06,58.01
US-2023-101895,2023-03-29,2023-04-05,Second Class,Richard Brown,Home Office,East,Virginia,Richmond,Technology,Accessories,Laptop Sleeve,10,0.0,1500.94,4.09
US-2023-101790,2023-03-29,2023-03-31,Standard Class,Nancy Moore,Corporate,East,New Jersey,Newark,Office Supplies,Paper,Sticky Notes,10,0.2,135.78,18.08
US-2023-101432,2023-03-30,2023-04-05,Same Day,William Rodriguez,Consumer,West,Nevada,Reno,Furniture,Furnishings,Wall Clock,6,0.2,3636.4,545.4
US-2023-100639,2023-03-30,2023-04-04,Second Class,John Lopez,Consumer,East,New York,Buffalo,Office Supplies,Storage,Storage Box,8,0.0,441.96,105.18
US-2023-100146,2023-03-30,2023-03-31,Standard Class,Sandra Gonzalez,Corporate,East,Massachusetts,Worcester,Technology,Accessories,USB-C Hub,3,0.4,862.77,4.53
US-2023-100315,2023-03-30,2023-04-06,Second Class,Matthew Garcia,Corporate,West,California,San Diego,Office Supplies,Paper,Sticky Notes,10,0.15,340.6,108.58
US-2023-101811,2023-03-31,2023-04-01,Second Class,James Rodriguez,Consumer,East,Massachusetts,Worcester,Office Supplies,Paper,Copy Paper 500ct,14,0.3,560.01,180.45
US-2023-101516,2023-03-31,2023-04-06,Standard Class,Robert Davis,Corporate,Central,Wisconsin,Milwaukee,Technology,Copiers,Multifunction Printer,2,0.15,1098.33,75.38
US-2023-101651,2023-03-31,2023-04-04,First Class,Joseph Jackson,Consumer,Central,Ohio,Cleveland,Technology,Copiers,Multifunction Printer,1,0.4,613.91,-52.3
US-2023-101713,2023-04-01,2023-04-08,Standard Class,Sarah Taylor,Consumer,East,Massachusetts,Boston,Office Supplies,Binders,Heavy-Duty Binder,9,0.0,206.81,30.01
US-2023-101683,2023-04-01,2023-04-08,Standard Class,Susan Jackson,Home Office,South,Tennessee,Nashville,Technology,Copiers,Desktop Copier,13,0.1,986.53,94.86
US-2023-100100,2023-04-02,2023-04-08,Standard Class,Linda Jackson,Consumer,South,Tennessee,Nashville,Technology,Machines,Laminator,10,0.0,10248.9,2237.23
US-2023-100416,2023-04-02,2023-04-04,Standard Class,Linda Jackson,Consumer,Central,Ohio,Cleveland,Furniture,Chairs,Mesh Task Chair,5,0.4,2579.46,-21.32
US-2023-100090,2023-04-03,2023-04-07,Standard Class,Linda Davis,Consumer,Central,Illinois,Chicago,Office Supplies,Labels,Shipping Labels,9,0.0,143.66,32.93
US-2023-101563,2023-04-03,2023-04-05,Standard Class,Jennifer Lopez,Consumer,Central,Illinois,Chicago,Office Supplies,Labels,Shipping Labels,9,0.0,269.81,89.59
US-2023-100712,2023-04-03,2023-04-09,Standard Class,Sandra Smith,Home Office,West,Oregon,Eugene,Office Supplies,Paper,Colored Cardstock,7,0.1,194.27,50.94
US-2023-100302,2023-04-03,2023-04-05,Second Class,James Williams,Consumer,East,New Jersey,Jersey City,Furniture,Chairs,Ergonomic Office Chair,14,0.2,1978.93,245.64
US-2023-101762,2023-04-04,2023-04-05,Standard Class,Jessica Smith,Consumer,Central,Illinois,Chicago,Office Supplies,Labels,Shipping Labels,11,0.0,536.65,62.48
US-2023-101143,2023-04-04,2023-04-06,Same Day,Thomas Rodriguez,Consumer,West,Nevada,Las Vegas,Furniture,Chairs,Executive Leather Chair,13,0.2,4379.32,518.85
US-2023-101035,2023-04-05,2023-04-10,Second Class,Richard Anderson,Consumer,West,Nevada,Reno,Technology,Accessories,Wireless Mouse,5,0.15,4183.3,995.16
US-2023-100895,2023-04-05,2023-04-11,Standard Class,Karen Williams,Corporate,West,Nevada,Las Vegas,Technology,Copiers,Desktop Copier,14,0.1,7367.76,1221.03
US-2023-101929,2023-04-06,2023-04-11,Second Class,James Williams,Home Office,South,Florida,Orlando,Technology,Phones,Smartphone X200,7,0.0,1323.02,58.22
US-2023-100567,2023-04-07,2023-04-08,Standard Class,John Miller,Corporate,West,California,San Diego,Technology,Machines,Label Printer,5,0.1,2718.33,-9.94
US-2023-101412,2023-04-07,2023-04-12,Standard Class,William Rodriguez,Consumer,West,Arizona,Tucson,Office Supplies,Paper,Sticky Notes,10,0.1,407.93,142.62
US-2023-100785,2023-04-07,2023-04-11,First Class,Patricia Martinez,Consumer,South,Florida,Orlando,Office Supplies,Binders,3-Ring Binder,7,0.0,112.0,31.71
US-2023-101360,2023-04-08,2023-04-14,Standard Class,Robert Hernandez,Corporate,Central,Illinois,Springfield,Furniture,Bookcases,5-Shelf Bookcase,5,0.0,1509.23,231.32
US-2023-100056,2023-04-08,2023-04-11,Standard Class,Karen Hernandez,Home Office,East,Massachusetts,Worcester,Technology,Copiers,Multifunction Printer,7,0.15,6816.93,-460.56
US-2023-100840,2023-04-09,2023-04-14,Standard Class,Margaret Martin,Home Office,West,Oregon,Eugene,Office Supplies,Binders,View Binder,9,0.1,70.93,18.99
US-2023-101756,2023-04-09,2023-04-12,First Class,John Miller,Consumer,South,North Carolina,Raleigh,Technology,Machines,Laminator,8,0.15,1973.87,45.04
US-2023-100637,2023-04-10,2023-04-17,Second Class,Barbara Miller,Consumer,East,Pennsylvania,Philadelphia,Furniture,Chairs,Executive Leather Chair,9,0.2,2110.19,55.95
US-2023-101248,2023-04-10,2023-04-11,Standard Class,Betty Hernandez,Corporate,East,New Jersey,Newark,Technology,Accessories,USB-C Hub,1,0.0,781.57,-11.11
US-2023-100865,2023-04-11,2023-04-15,Standard Class,Matthew Jones,Consumer,West,California,Los Angeles,Office Supplies,Labels,Address Labels,13,0.15,437.11,25.24
US-2023-100674,2023-04-11,2023-04-16,Second Class,John Davis,Corporate,West,Washington,Spokane,Furniture,Tables,Round Conference Table,13,0.1,1204.04,62.17
US-2023-101379,2023-04-11,2023-04-18,Standard Class,Susan Davis,Home Office,South,Tennessee,Memphis,Office Supplies,Storage,Storage Box,5,0.1,16.92,2.84
US-2023-101909,2023-04-12,2023-04-13,Second Class,James Jackson,Home Office,West,Arizona,Tucson,Furniture,Bookcases,5-Shelf Bookcase,10,0.0,4050.06,599.12
US-2023-101963,2023-04-12,2023-04-19,Standard Class,Linda Hernandez,Consumer,South,Tennessee,Nashville,Technology,Phones,Cordless Phone,5,0.4,1652.44,-115.42
US-2023-101213,2023-04-12,2023-04-16,Same Day,Sarah Taylor,Consumer,West,Arizona,Tucson,Office Supplies,Binders,View Binder,6,0.2,237.09,44.85
US-2023-101446,2023-04-13,2023-04-20,Standard Class,Sarah Taylor,Consumer,South,Tennessee,Nashville,Furniture,Chairs,Stackable Chair,1,0.1,784.69,9.31
US-2023-100766,2023-04-15,2023-04-20,Standard Class,Matthew Hernandez,Consumer,West,Arizona,Phoenix,Technology,Accessories,USB-C Hub,3,0.4,1643.31,304.54
US-2023-101609,2023-04-15,2023-04-22,Second Class,David Taylor,Corporate,West,California,San Francisco,Office Supplies,Binders,Heavy-Duty Binder,10,0.2,301.66,74.61
US-2023-100899,2023-04-15,2023-04-19,Second Class,David Taylor,Consumer,West,Nevada,Reno,Office Supplies,Binders,3-Ring Binder,8,0.2,357.16,72.87
US-2023-101693,2023-04-15,2023-04-19,First Class,Elizabeth Martin,Corporate,South,Florida,Tampa,Office Supplies,Labels,Shipping Labels,1,0.0,9.57,1.09
US-2023-100924,2023-04-15,2023-04-19,Second Class,Mark Lopez,Consumer,West,Oregon,Portland,Office Supplies,Labels,Shipping Labels,1,0.0,12.54,0.87
US-2023-101392,2023-04-16,2023-04-20,First Class,Thomas Garcia,Home Office,Central,Texas,Houston,Technology,Phones,Smartphone X200,10,0.1,7675.58,299.42
US-2023-101021,2023-04-16,2023-04-18,Standard Class,Richard Lopez,Home Office,East,Pennsylvania,Philadelphia,Technology,Copiers,Multifunction Printer,6,0.0,5633.46,-462.66
US-2023-100736,2023-04-17,2023-04-23,Standard Class,John Miller,Home Office,South,Alabama,Birmingham,Office Supplies,Paper,Sticky Notes,4,0.1,7.91,2.43
US-2023-101916,2023-04-17,2023-04-18,Standard Class,Daniel Wilson,Corporate,Central,Illinois,Springfield,Office Supplies,Storage,Storage Box,7,0.0,367.54,25.61
US-2023-100780,2023-04-17,2023-04-22,Standard Class,Thomas Thomas,Home Office,East,Pennsylvania,Pittsburgh,Furniture,Furnishings,Desk Lamp,1,0.2,219.17,23.52
US-2023-100263,2023-04-17,2023-04-19,Second Class,Joseph Taylor,Consumer,East,Virginia,Arlington,Technology,Machines,Paper Shredder,13,0.0,5523.57,187.16
US-2023-101637,2023-04-17,2023-04-18,Standard Class,Mark Hernandez,Home Office,West,Washington,Spokane,Furniture,Bookcases,Corner Bookcase,3,0.0,1099.22,-2.38
US-2023-101612,2023-04-18,2023-04-21,Standard Class,Lisa Anderson,Corporate,South,Tennessee,Nashville,Office Supplies,Labels,Shipping Labels,13,0.0,601.25,167.97
US-2023-100408,2023-04-18,2023-04-21,Standard Class,Charles Miller,Corporate,East,New Jersey,Jersey City,Office Supplies,Labels,Address Labels,9,0.0,447.52,133.6
US-2023-100980,2023-04-18,2023-04-21,Standard Class,Sarah Rodriguez,Corporate,East,Virginia,Richmond,Office Supplies,Storage,Filing Cabinet,14,0.0,139.67,37.53
US-2023-100992,2023-04-18,2023-04-25,Standard Class,Daniel Wilson,Corporate,Central,Wisconsin,Milwaukee,Office Supplies,Storage,Storage Bin,9,0.2,137.03,38.9
US-2023-100557,2023-04-18,2023-04-21,First Class,William Rodriguez,Consumer,South,Tennessee,Nashville,Technology,Phones,Smartphone X200,14,0.0,3207.74,779.78
US-2023-100533,2023-04-18,2023-04-21,Standard Class,Sandra Moore,Home Office,West,Arizona,Phoenix,Technology,Accessories,Laptop Sleeve,7,0.1,726.93,56.0
US-2023-100781,2023-04-19,2023-04-21,Second Class,Karen Miller,Corporate,Central,Michigan,Ann Arbor,Office Supplies,Art,Ballpoint Pens (12pk),11,0.2,97.07,30.86
US-2023-101170,2023-04-19,2023-04-23,Standard Class,Robert Miller,Consumer,West,Nevada,Las Vegas,Technology,Phones,Phone Case,1,0.1,847.49,-19.44
US-2023-101924,2023-04-19,2023-04-26,Second Class,Matthew Moore,Corporate,South,Tennessee,Memphis,Technology,Accessories,Laptop Sleeve,1,0.15,164.57,30.83
US-2023-101130,2023-04-19,2023-04-26,Same Day,Lisa Thomas,Home Office,South,North Carolina,Charlotte,Furniture,Furnishings,Floor Mat,7,0.2,4283.33,-179.57
US-2023-100236,2023-04-20,2023-04-25,Standard Class,Richard Lopez,Consumer,Central,Illinois,Chicago,Office Supplies,Art,Highlighters,2,0.1,39.09,8.26
US-2023-100803,2023-04-20,2023-04-21,First Class,Robert Davis,Home Office,East,Massachusetts,Boston,Office Supplies,Labels,Address Labels,4,0.2,87.17,10.43
US-2023-101400,2023-04-21,2023-04-25,Second Class,Lisa Moore,Corporate,South,Tennessee,Nashville,Technology,Copiers,Desktop Copier,6,0.1,5038.74,658.85
US-2023-100914,2023-04-21,2023-04-24,Standard Class,John Rodriguez,Consumer,Central,Texas,Houston,Technology,Accessories,USB-C Hub,14,0.1,11123.92,899.09
US-2023-100825,2023-04-21,2023-04-24,First Class,Lisa Jackson,Home Office,West,Arizona,Phoenix,Technology,Accessories,Wireless Mouse,10,0.15,967.89,216.72
US-2023-101867,2023-04-21,2023-04-27,Standard Class,Matthew Miller,Corporate,Central,Texas,Dallas,Office Supplies,Binders,View Binder,9,0.15,80.93,16.87
US-2023-101600,2023-04-21,2023-04-24,Standard Class,Robert Miller,Corporate,West,Nevada,Reno,Technology,Copiers,Desktop Copier,5,0.0,223.8,58.75
US-2023-101717,2023-04-21,2023-04-27,Standard Class,Karen Anderson,Consumer,West,Arizona,Tucson,Technology,Machines,Laminator,10,0.15,1787.32,202.69
US-2023-100733,2023-04-22,2023-04-23,Standard Class,Sarah Rodriguez,Corporate,East,New York,Albany,Technology,Accessories,Wireless Mouse,4,0.15,434.59,17.79
US-2023-100601,2023-04-22,2023-04-23,Second Class,Sarah Davis,Corporate,Central,Michigan,Detroit,Technology,Machines,Paper Shredder,9,0.0,2765.39,160.58
US-2023-101685,2023-04-22,2023-04-23,Standard Class,Sarah Smith,Consumer,South,Georgia,Atlanta,Office Supplies,Paper,Colored Cardstock,2,0.1,104.12,32.12
US-2023-100469,2023-04-23,2023-04-27,Standard Class,Richard Lopez,Consumer,Central,Ohio,Columbus,Furniture,Tables,Glass Coffee Table,10,0.0,7440.71,927.17
US-2023-101056,2023-04-23,2023-04-25,Standard Class,Sarah Davis,Corporate,East,New Jersey,Newark,Furniture,Bookcases,Corner Bookcase,9,0.0,1757.93,311.35
US-2023-101958,2023-04-23,2023-04-27,Standard Class,Margaret Martin,Consumer,Central,Illinois,Springfield,Office Supplies,Binders,3-Ring Binder,12,0.4,296.61,37.85
US-2023-101577,2023-04-23,2023-04-26,Standard Class,Lisa Moore,Home Office,Central,Michigan,Ann Arbor,Office Supplies,Paper,Sticky Notes,7,0.1,323.71,20.36
US-2023-101116,2023-04-24,2023-05-01,Standard Class,Thomas Thomas,Corporate,Central,Ohio,Cleveland,Office Supplies,Labels,Shipping Labels,10,0.15,87.73,20.42
US-2023-100260,2023-04-24,2023-04-25,Standard Class,Nancy Rodriguez,Consumer,South,Georgia,Savannah,Technology,Accessories,Laptop Sleeve,9,0.0,10145.03,-275.8
US-2023-101211,2023-04-24,2023-04-30,Standard Class,Betty Hernandez,Consumer,South,Florida,Tampa,Furniture,Furnishings,Floor Mat,12,0.1,4439.96,-89.45
US-2023-101719,2023-04-25,2023-04-27,First Class,John Brown,Consumer,West,Arizona,Phoenix,Technology,Copiers,Multifunction Printer,12,0.4,6647.24,831.73
US-2023-100109,2023-04-26,2023-04-27,First Class,Linda Johnson,Consumer,South,Georgia,Atlanta,Office Supplies,Paper,Colored Cardstock,13,0.3,342.76,24.06
US-2023-100862,2023-04-26,2023-05-01,Second Class,Sandra Moore,Consumer,South,Florida,Tampa,Furniture,Tables,Round Conference Table,8,0.2,2505.41,-94.83
US-2023-101309,2023-04-27,2023-04-30,Standard Class,Michael Thomas,Consumer,West,Washington,Seattle,Technology,Machines,Label Printer,11,0.15,8774.41,582.67
US-2023-100617,2023-04-27,2023-04-30,Same Day,Thomas Garcia,Consumer,Central,Ohio,Cleveland,Office Supplies,Art,Ballpoint Pens (12pk),12,0.2,90.5,20.84
US-2023-101438,2023-04-28,2023-05-04,Standard Class,Thomas Rodriguez,Consumer,East,Virginia,Arlington,Office Supplies,Binders,View Binder,8,0.0,196.88,36.54
US-2023-100600,2023-04-28,2023-05-04,Second Class,Elizabeth Martin,Home Office,Central,Michigan,Ann Arbor,Furniture,Tables,Round Conference Table,1,0.0,214.77,16.6
US-2023-100919,2023-04-29,2023-05-06,Standard Class,Richard Lopez,Home Office,Central,Michigan,Detroit,Office Supplies,Paper,Copy Paper 500ct,6,0.0,36.1,4.02
US-2023-101398,2023-04-29,2023-04-30,Second Class,Mark Martinez,Consumer,South,Georgia,Atlanta,Technology,Copiers,Multifunction Printer,13,0.2,1872.81,-46.07
US-2023-101257,2023-05-01,2023-05-06,Same Day,Sarah Taylor,Consumer,West,Arizona,Tucson,Technology,Phones,Phone Case,12,0.15,8932.92,-138.5
US-2023-101802,2023-05-01,2023-05-04,Standard Class,Anthony Taylor,Consumer,East,Pennsylvania,Pittsburgh,Office Supplies,Binders,View Binder,12,0.0,537.51,101.59
US-2023-100151,2023-05-01,2023-05-08,Standard Class,Joseph Taylor,Corporate,South,North Carolina,Raleigh,Furniture,Tables,Glass Coffee Table,1,0.0,341.41,59.49
US-2023-101024,2023-05-02,2023-05-06,First Class,Lisa Anderson,Corporate,Central,Texas,Austin,Office Supplies,Paper,Copy Paper 500ct,8,0.3,29.35,5.15
US-2023-101033,2023-05-02,2023-05-05,First Class,Sarah Smith,Consumer,East,New York,Buffalo,Technology,Machines,Label Printer,3,0.4,656.14,79.88
US-2023-101645,2023-05-02,2023-05-05,Standard Class,Susan Davis,Consumer,East,Virginia,Arlington,Technology,Accessories,Laptop Sleeve,1,0.2,594.81,34.48
US-2023-100822,2023-05-02,2023-05-05,Standard Class,Sandra Moore,Consumer,West,Nevada,Reno,Technology,Accessories,USB-C Hub,4,0.1,4016.04,-42.8
US-2023-100918,2023-05-02,2023-05-03,Standard Class,Matthew Rodriguez,Corporate,South,North Carolina,Raleigh,Technology,Machines,Label Printer,13,0.3,543.39,-22.14
US-2023-101098,2023-05-02,2023-05-09,Standard Class,Richard Brown,Home Office,West,Arizona,Phoenix,Office Supplies,Labels,Shipping Labels,1,0.1,9.08,2.09
US-2023-100878,2023-05-03,2023-05-09,First Class,Nancy Brown,Corporate,West,Washington,Spokane,Office Supplies,Art,Markers Set,7,0.1,334.99,51.5
US-2023-100666,2023-05-04,2023-05-10,First Class,Margaret Brown,Home Office,West,Nevada,Reno,Technology,Phones,Cordless Phone,13,0.1,10135.41,2112.54
US-2023-100724,2023-05-04,2023-05-11,Same Day,Joseph Taylor,Corporate,East,Massachusetts,Boston,Office Supplies,Art,Ballpoint Pens (12pk),5,0.15,35.07,2.8
US-2023-100700,2023-05-04,2023-05-09,Standard Class,David Smith,Consumer,Central,Ohio,Columbus,Technology,Accessories,Wireless Mouse,12,0.1,4203.64,964.52
US-2023-101121,2023-05-05,2023-05-10,Second Class,Matthew Garcia,Consumer,South,Florida,Tampa,Office Supplies,Paper,Sticky Notes,4,0.3,18.56,4.12
US-2023-100594,2023-05-06,2023-05-09,Second Class,Sarah Brown,Consumer,South,North Carolina,Charlotte,Furniture,Tables,Glass Coffee Table,12,0.15,7606.74,756.71
US-2023-100191,2023-05-07,2023-05-10,Second Class,Richard Brown,Corporate,South,Florida,Miami,Office Supplies,Paper,Copy Paper 500ct,12,0.0,50.0,3.23
US-2023-100353,2023-05-07,2023-05-12,Standard Class,Susan Davis,Consumer,West,Nevada,Las Vegas,Technology,Phones,Smartphone X200,4,0.0,3258.41,17.6
US-2023-101933,2023-05-07,2023-05-14,First Class,Matthew Garcia,Consumer,South,Georgia,Savannah,Technology,Machines,Paper Shredder,7,0.15,4829.31,865.08
US-2023-101503,2023-05-07,2023-05-11,Standard Class,Jessica Smith,Corporate,West,California,Los Angeles,Technology,Accessories,Wireless Mouse,9,0.0,10010.83,352.57
US-2023-101754,2023-05-07,2023-05-13,First Class,Anthony Taylor,Consumer,West,Washington,Spokane,Furniture,Tables,Round Conference Table,11,0.0,5625.63,234.5
US-2023-100542,2023-05-08,2023-05-11,Standard Class,Lisa Moore,Consumer,Central,Ohio,Columbus,Office Supplies,Art,Highlighters,13,0.2,269.88,14.11
US-2023-101628,2023-05-08,2023-05-12,Second Class,Robert Johnson,Consumer,South,Tennessee,Nashville,Furniture,Tables,Round Conference Table,11,0.0,8874.06,1580.71
US-2023-101880,2023-05-08,2023-05-10,Second Class,Lisa Moore,Consumer,Central,Wisconsin,Madison,Furniture,Tables,Adjustable Height Desk,6,0.0,1088.76,120.11
US-2023-101110,2023-05-08,2023-05-13,Standard Class,Betty Johnson,Corporate,Central,Wisconsin,Milwaukee,Furniture,Tables,Adjustable Height Desk,4,0.0,1655.52,231.55
US-2023-100465,2023-05-08,2023-05-12,Standard Class,James Jackson,Consumer,Central,Ohio,Cleveland,Office Supplies,Labels,Address Labels,10,0.2,370.01,57.19
US-2023-101584,2023-05-08,2023-05-12,Standard Class,Charles Miller,Home Office,South,Georgia,Savannah,Office Supplies,Binders,Heavy-Duty Binder,10,0.0,103.29,34.61
US-2023-100305,2023-05-09,2023-05-11,Same Day,Thomas Brown,Consumer,East,Virginia,Arlington,Technology,Machines,Laminator,1,0.1,786.57,-53.35
US-2023-101203,2023-05-10,2023-05-13,Standard Class,Nancy Moore,Corporate,West,Arizona,Tucson,Office Supplies,Labels,Shipping Labels,12,0.0,622.54,163.39
US-2023-100438,2023-05-10,2023-05-17,First Class,Daniel Martinez,Consumer,East,Virginia,Arlington,Technology,Machines,Label Printer,9,0.0,2473.27,-186.36
US-2023-101926,2023-05-10,2023-05-17,Standard Class,Mark Hernandez,Home Office,South,Tennessee,Memphis,Furniture,Furnishings,Wall Clock,5,0.15,1328.21,105.56
US-2023-101698,2023-05-10,2023-05-17,Standard Class,Richard Rodriguez,Home Office,East,Pennsylvania,Philadelphia,Technology,Accessories,USB-C Hub,8,0.0,5342.51,1044.79
US-2023-101863,2023-05-10,2023-05-14,Standard Class,Matthew Rodriguez,Consumer,South,Florida,Orlando,Technology,Accessories,Wireless Mouse,5,0.1,2313.49,-36.48
US-2023-101604,2023-05-11,2023-05-13,Standard Class,Richard Brown,Corporate,South,Georgia,Atlanta,Office Supplies,Art,Markers Set,1,0.1,48.6,9.01
US-2023-100425,2023-05-11,2023-05-14,Standard Class,Michael Davis,Consumer,South,Georgia,Atlanta,Office Supplies,Labels,Address Labels,10,0.0,530.98,30.23
US-2023-100390,2023-05-11,2023-05-17,Standard Class,Matthew Hernandez,Home Office,East,Massachusetts,Boston,Office Supplies,Art,Ballpoint Pens (12pk),5,0.0,161.7,10.27
US-2023-101454,2023-05-12,2023-05-17,Standard Class,Richard Brown,Consumer,Central,Texas,Dallas,Technology,Accessories,Laptop Sleeve,3,0.0,765.95,148.3
US-2023-101316,2023-05-12,2023-05-17,Standard Class,John Brown,Consumer,West,Arizona,Tucson,Technology,Accessories,Laptop Sleeve,13,0.15,5568.42,1073.85
US-2023-101641,2023-05-12,2023-05-14,First Class,Matthew Garcia,Corporate,Central,Texas,Houston,Office Supplies,Labels,Shipping Labels,7,0.0,98.44,18.26
US-2023-101277,2023-05-12,2023-05-16,Second Class,Matthew Hernandez,Home Office,Central,Illinois,Chicago,Technology,Accessories,USB-C Hub,8,0.1,8128.1,-708.51
US-2023-101797,2023-05-12,2023-05-13,Second Class,Linda Johnson,Corporate,South,Alabama,Montgomery,Office Supplies,Binders,View Binder,11,0.3,230.11,66.07
US-2023-100289,2023-05-13,2023-05-18,Same Day,Jennifer Anderson,Corporate,West,Nevada,Reno,Office Supplies,Storage,Filing Cabinet,10,0.2,354.34,42.46
US-2023-100916,2023-05-13,2023-05-15,Standard Class,Richard Rodriguez,Corporate,West,Arizona,Tucson,Office Supplies,Labels,Address Labels,14,0.1,432.84,143.08
US-2023-101914,2023-05-13,2023-05-14,Standard Class,Robert Jackson,Consumer,East,Massachusetts,Worcester,Office Supplies,Storage,Storage Bin,9,0.1,51.81,4.68
US-2023-101879,2023-05-14,2023-05-20,Standard Class,Betty Wilson,Consumer,West,Nevada,Reno,Technology,Copiers,Multifunction Printer,2,0.3,876.71,-8.13
US-2023-101649,2023-05-15,2023-05-17,First Class,Jennifer Lopez,Corporate,West,Arizona,Tucson,Furniture,Furnishings,Desk Lamp,10,0.0,8929.9,975.07
US-2023-101340,2023-05-15,2023-05-16,Second Class,Matthew Garcia,Corporate,South,Tennessee,Nashville,Office Supplies,Paper,Colored Cardstock,5,0.2,53.58,5.64
US-2023-101856,2023-05-15,2023-05-19,Standard Class,Susan Miller,Home Office,Central,Ohio,Cleveland,Office Supplies,Binders,3-Ring Binder,11,0.0,437.76,50.1
US-2023-100007,2023-05-16,2023-05-19,Standard Class,Mary Davis,Consumer,West,California,San Francisco,Office Supplies,Labels,Address Labels,2,0.2,37.49,8.75
US-2023-101676,2023-05-17,2023-05-22,First Class,Mary Davis,Home Office,West,Washington,Spokane,Office Supplies,Paper,Copy Paper 500ct,11,0.0,649.14,186.65
US-2023-101973,2023-05-17,2023-05-23,Standard Class,Sandra Moore,Consumer,Central,Texas,Dallas,Office Supplies,Labels,Shipping Labels,5,0.0,175.16,40.74
US-2023-101273,2023-05-17,2023-05-20,Standard Class,Karen Williams,Consumer,East,Pennsylvania,Philadelphia,Office Supplies,Art,Markers Set,4,0.3,138.03,32.46
US-2023-101917,2023-05-17,2023-05-18,Standard Class,Joseph Lopez,Home Office,West,Washington,Seattle,Office Supplies,Storage,Filing Cabinet,12,0.15,597.67,136.89
US-2023-101646,2023-05-17,2023-05-23,Standard Class,Patricia Williams,Consumer,East,New York,Buffalo,Technology,Machines,Laminator,13,0.2,4259.02,294.39
US-2023-100848,2023-05-17,2023-05-19,Standard Class,Linda Johnson,Consumer,East,Pennsylvania,Philadelphia,Office Supplies,Paper,Sticky Notes,5,0.2,141.3,7.65
US-2023-101543,2023-05-18,2023-05-20,Standard Class,Thomas Brown,Home Office,Central,Texas,Austin,Technology,Machines,Laminator,1,0.0,641.01,154.98
US-2023-100243,2023-05-18,2023-05-25,Standard Class,Susan Jackson,Home Office,South,Georgia,Atlanta,Technology,Accessories,USB-C Hub,11,0.0,10437.23,536.4
US-2023-101067,2023-05-18,2023-05-21,Standard Class,Linda Davis,Corporate,East,Pennsylvania,Philadelphia,Furniture,Tables,Glass Coffee Table,7,0.0,3792.87,-170.48
US-2023-101901,2023-05-18,2023-05-23,Standard Class,Linda Jackson,Consumer,East,Pennsylvania,Pittsburgh,Office Supplies,Binders,View Binder,12,0.15,607.77,120.37
US-2023-100874,2023-05-18,2023-05-22,Standard Class,Sandra Smith,Home Office,West,Washington,Seattle,Office Supplies,Labels,Address Labels,10,0.0,55.69,3.75
US-2023-100682,2023-05-18,2023-05-24,Standard Class,Lisa Moore,Consumer,West,California,San Diego,Office Supplies,Labels,Shipping Labels,2,0.0,93.93,13.12
US-2023-100107,2023-05-19,2023-05-26,Standard Class,Linda Jackson,Consumer,Central,Texas,Austin,Technology,Phones,Cordless Phone,11,0.4,3444.03,842.31
US-2023-100934,2023-05-20,2023-05-26,Second Class,Richard Anderson,Consumer,South,Tennessee,Nashville,Furniture,Tables,Round Conference Table,6,0.3,2586.54,-11.56
US-2023-101013,2023-05-20,2023-05-25,Standard Class,Anthony Williams,Consumer,East,New York,New York City,Technology,Phones,Smartphone X200,1,0.3,805.35,224.28
US-2023-101154,2023-05-20,2023-05-24,Second Class,Linda Davis,Consumer,South,Georgia,Atlanta,Office Supplies,Labels,Address Labels,4,0.1,82.06,27.01
US-2023-100855,2023-05-21,2023-05-23,Standard Class,Joseph Brown,Corporate,Central,Ohio,Columbus,Office Supplies,Labels,Address Labels,7,0.4,58.33,14.83
US-2023-100187,2023-05-21,2023-05-23,First Class,Matthew Hernandez,Consumer,South,Georgia,Atlanta,Technology,Copiers,Multifunction Printer,6,0.1,5890.03,1154.43
US-2023-101899,2023-05-21,2023-05-23,Standard Class,Richard Lopez,Consumer,East,New York,Albany,Office Supplies,Binders,3-Ring Binder,2,0.0,100.14,13.71
US-2023-100889,2023-05-22,2023-05-28,First Class,Thomas Thomas,Corporate,East,Virginia,Richmond,Office Supplies,Labels,Shipping Labels,9,0.2,363.5,122.87
US-2023-101579,2023-05-22,2023-05-24,Same Day,David Taylor,Corporate,South,Georgia,Savannah,Technology,Copiers,Multifunction Printer,6,0.1,370.83,70.08
US-2023-101094,2023-05-22,2023-05-25,Second Class,Susan Davis,Home Office,South,North Carolina,Raleigh,Office Supplies,Paper,Sticky Notes,8,0.3,211.52,31.27
US-2023-100232,2023-05-22,2023-05-29,Second Class,Jessica Smith,Consumer,Central,Wisconsin,Madison,Office Supplies,Storage,Storage Bin,14,0.15,539.94,61.74
US-2023-100950,2023-05-23,2023-05-24,First Class,Thomas Garcia,Home Office,West,California,San Diego,Technology,Machines,Label Printer,4,0.1,3561.06,-281.78
US-2023-100756,2023-05-23,2023-05-30,Standard Class,John Brown,Corporate,South,Tennessee,Memphis,Office Supplies,Paper,Sticky Notes,6,0.1,283.36,83.65
US-2023-101984,2023-05-23,2023-05-24,Standard Class,Susan Johnson,Consumer,Central,Illinois,Chicago,Technology,Accessories,Laptop Sleeve,6,0.0,1638.01,190.61
US-2023-100122,2023-05-24,2023-05-31,Standard Class,Anthony Johnson,Corporate,West,Oregon,Portland,Office Supplies,Labels,Shipping Labels,12,0.0,372.55,112.36
US-2023-101629,2023-05-24,2023-05-25,Standard Class,William Rodriguez,Corporate,Central,Ohio,Columbus,Office Supplies,Paper,Copy Paper 500ct,7,0.1,42.42,8.24
US-2023-100998,2023-05-25,2023-05-29,First Class,Linda Jones,Home Office,Central,Michigan,Ann Arbor,Technology,Copiers,Desktop Copier,4,0.3,354.74,-0.72
US-2023-101975,2023-05-25,2023-05-28,Second Class,Sarah Davis,Consumer,East,Virginia,Arlington,Technology,Copiers,Multifunction Printer,11,0.15,1622.41,344.68
US-2023-101287,2023-05-25,2023-05-29,Standard Class,Richard Lopez,Home Office,South,Georgia,Atlanta,Office Supplies,Binders,3-Ring Binder,2,0.0,19.36,5.22
US-2023-100774,2023-05-26,2023-05-29,First Class,Joseph Lopez,Corporate,Central,Texas,Dallas,Office Supplies,Binders,View Binder,8,0.0,427.74,116.89
US-2023-100730,2023-05-26,2023-05-31,Standard Class,Matthew Hernandez,Home Office,East,New Jersey,Newark,Technology,Accessories,USB-C Hub,4,0.15,3770.42,66.74
US-2023-100307,2023-05-26,2023-06-01,Same Day,James Moore,Corporate,Central,Texas,Houston,Office Supplies,Storage,Storage Box,12,0.0,622.11,128.78
US-2023-100059,2023-05-27,2023-06-01,Standard Class,Karen Rodriguez,Home Office,West,Arizona,Tucson,Furniture,Bookcases,Corner Bookcase,11,0.0,4363.25,530.6
US-2023-100694,2023-05-28,2023-06-01,Standard Class,Jessica Smith,Consumer,Central,Wisconsin,Madison,Furniture,Chairs,Stackable Chair,1,0.0,513.16,-13.84
US-2023-100547,2023-05-28,2023-06-03,Standard Class,Charles Davis,Corporate,Central,Illinois,Chicago,Technology,Copiers,Multifunction Printer,1,0.1,135.9,1.0
US-2023-101542,2023-05-28,2023-05-29,Standard Class,Karen Garcia,Corporate,Central,Texas,Houston,Office Supplies,Art,Ballpoint Pens (12pk),4,0.15,134.6,40.55
US-2023-100894,2023-05-28,2023-05-29,Second Class,Patricia Martinez,Home Office,West,Nevada,Reno,Technology,Accessories,Laptop Sleeve,12,0.3,2906.75,140.92
US-2023-101135,2023-05-28,2023-05-30,Standard Class,Joseph Lopez,Consumer,Central,Wisconsin,Madison,Furniture,Tables,Adjustable Height Desk,5,0.15,304.94,-3.16
US-2023-101134,2023-05-28,2023-05-30,Standard Class,Susan Garcia,Corporate,Central,Illinois,Chicago,Furniture,Furnishings,Floor Mat,13,0.2,3044.29,238.5
US-2023-100991,2023-05-29,2023-06-01,First Class,Betty Wilson,Corporate,South,Alabama,Birmingham,Technology,Phones,Phone Case,2,0.1,2033.57,525.37
US-2023-100140,2023-05-30,2023-06-05,First Class,Charles Miller,Consumer,West,Washington,Spokane,Technology,Machines,Paper Shredder,6,0.1,4434.45,254.56
US-2023-101636,2023-05-30,2023-06-02,Same Day,John Thomas,Consumer,East,Virginia,Arlington,Technology,Machines,Laminator,12,0.1,1252.63,313.81
US-2023-100982,2023-05-30,2023-05-31,First Class,Richard Brown,Corporate,East,Virginia,Richmond,Technology,Phones,Phone Case,1,0.3,209.39,9.77
US-2023-100432,2023-05-30,2023-06-01,First Class,Robert Williams,Consumer,West,Washington,Spokane,Office Supplies,Labels,Shipping Labels,8,0.0,175.11,44.39
US-2023-100348,2023-05-30,2023-06-02,Standard Class,James Williams,Home Office,Central,Ohio,Columbus,Office Supplies,Labels,Address Labels,8,0.0,78.87,25.52
US-2023-101294,2023-05-31,2023-06-06,Second Class,Matthew Martinez,Consumer,West,Oregon,Portland,Furniture,Furnishings,Desk Lamp,14,0.0,10350.81,1652.09
US-2023-100813,2023-05-31,2023-06-04,First Class,Mark Martinez,Consumer,Central,Michigan,Detroit,Office Supplies,Paper,Copy Paper 500ct,14,0.2,515.29,47.76
US-2023-101669,2023-05-31,2023-06-01,First Class,Matthew Rodriguez,Home Office,East,Pennsylvania,Philadelphia,Technology,Accessories,Laptop Sleeve,1,0.0,592.05,-46.68
US-2023-101482,2023-05-31,2023-06-07,Standard Class,Sandra Moore,Corporate,Central,Texas,Austin,Office Supplies,Binders,View Binder,12,0.1,241.01,40.05
US-2023-101238,2023-05-31,2023-06-01,First Class,John Garcia,Home Office,Central,Michigan,Detroit,Technology,Copiers,Multifunction Printer,6,0.0,7186.5,373.88
US-2023-100606,2023-06-01,2023-06-06,Standard Class,Richard Lopez,Consumer,East,Virginia,Arlington,Technology,Machines,Laminator,8,0.3,6063.96,0.5
US-2023-101061,2023-06-01,2023-06-07,Standard Class,Michael Davis,Home Office,East,New York,New York City,Office Supplies,Labels,Shipping Labels,10,0.3,36.17,2.97
US-2023-100866,2023-06-01,2023-06-06,Standard Class,John Thomas,Consumer,Central,Michigan,Ann Arbor,Technology,Machines,Laminator,11,0.3,4655.67,884.7
US-2023-101607,2023-06-02,2023-06-05,Standard Class,Karen Williams,Corporate,Central,Michigan,Ann Arbor,Furniture,Tables,Round Conference Table,9,0.0,4654.3,261.3
US-2023-101471,2023-06-02,2023-06-05,Second Class,Sandra Moore,Consumer,East,Virginia,Richmond,Technology,Accessories,USB-C Hub,1,0.0,629.49,8.79
US-2023-100915,2023-06-03,2023-06-09,Second Class,Susan Miller,Consumer,West,Washington,Spokane,Office Supplies,Storage,Storage Box,14,0.2,93.27,14.56
US-2023-101254,2023-06-03,2023-06-05,First Class,John Garcia,Corporate,Central,Texas,Austin,Office Supplies,Binders,3-Ring Binder,2,0.1,6.12,1.71
US-2023-101376,2023-06-04,2023-06-06,Standard Class,William Rodriguez,Consumer,South,Tennessee,Memphis,Furniture,Furnishings,Floor Mat,11,0.0,5153.36,-94.03
US-2023-101027,2023-06-04,2023-06-05,Standard Class,Margaret Martinez,Corporate,East,Massachusetts,Boston,Technology,Machines,Paper Shredder,11,0.0,11736.48,1476.04
US-2023-101386,2023-06-05,2023-06-06,First Class,Sarah Garcia,Home Office,East,Virginia,Arlington,Furniture,Chairs,Executive Leather Chair,14,0.15,10201.69,175.48
US-2023-100702,2023-06-05,2023-06-10,Second Class,Margaret Martin,Corporate,East,New Jersey,Newark,Furniture,Tables,Glass Coffee Table,10,0.4,2497.04,105.38
US-2023-101403,2023-06-05,2023-06-09,Second Class,Robert Hernandez,Consumer,West,Oregon,Portland,Technology,Phones,Smartphone X200,1,0.15,424.62,93.83
US-2023-100459,2023-06-05,2023-06-09,Standard Class,Lisa Anderson,Consumer,Central,Illinois,Springfield,Technology,Phones,Smartphone X200,4,0.4,2108.67,-103.28
US-2023-100622,2023-06-05,2023-06-06,First Class,Nancy Moore,Consumer,East,New Jersey,Newark,Furniture,Furnishings,Desk Lamp,12,0.3,4654.31,607.38
US-2023-101522,2023-06-06,2023-06-12,Standard Class,Karen Miller,Corporate,Central,Illinois,Springfield,Technology,Machines,Paper Shredder,9,0.15,4207.53,161.92
US-2023-101044,2023-06-07,2023-06-10,Second Class,Daniel Williams,Consumer,East,Pennsylvania,Philadelphia,Technology,Phones,Phone Case,9,0.2,4984.6,1130.95
US-2023-101714,2023-06-07,2023-06-10,First Class,Mark Lopez,Consumer,West,Oregon,Eugene,Office Supplies,Storage,Storage Box,5,0.0,35.04,2.95
US-2023-100882,2023-06-07,2023-06-13,First Class,Anthony Johnson,Home Office,East,New Jersey,Jersey City,Office Supplies,Labels,Address Labels,8,0.4,271.38,34.25
US-2023-101664,2023-06-07,2023-06-09,Standard Class,Linda Davis,Consumer,East,Massachusetts,Boston,Technology,Machines,Label Printer,14,0.15,9394.52,117.39
US-2023-100041,2023-06-08,2023-06-09,Standard Class,Lisa Rodriguez,Corporate,West,Nevada,Las Vegas,Office Supplies,Art,Ballpoint Pens (12pk),8,0.1,125.07,18.58
US-2023-100577,2023-06-08,2023-06-11,Second Class,Sandra Moore,Consumer,West,Washington,Seattle,Office Supplies,Art,Ballpoint Pens (12pk),11,0.1,587.77,49.62
US-2023-101621,2023-06-08,2023-06-11,First Class,Karen Miller,Home Office,South,Georgia,Atlanta,Technology,Accessories,Laptop Sleeve,9,0.0,10053.36,327.93
US-2023-100938,2023-06-09,2023-06-10,First Class,Robert Williams,Home Office,South,North Carolina,Charlotte,Furniture,Chairs,Stackable Chair,3,0.1,2407.55,-30.7
US-2023-101531,2023-06-09,2023-06-16,Standard Class,Robert Jackson,Consumer,Central,Ohio,Cleveland,Technology,Machines,Paper Shredder,9,0.2,5609.68,1020.02
US-2023-100828,2023-06-10,2023-06-14,Second Class,Richard Rodriguez,Home Office,South,Tennessee,Memphis,Furniture,Bookcases,5-Shelf Bookcase,4,0.2,1119.59,44.33
US-2023-100401,2023-06-10,2023-06-16,Standard Class,Richard Rodriguez,Consumer,West,Arizona,Phoenix,Office Supplies,Paper,Sticky Notes,5,0.3,161.68,25.73
US-2023-101814,2023-06-10,2023-06-17,Standard Class,Lisa Anderson,Home Office,South,Florida,Tampa,Technology,Machines,Laminator,8,0.0,6616.88,511.4
US-2023-100060,2023-06-11,2023-06-18,First Class,Matthew Hernandez,Corporate,Central,Illinois,Springfield,Office Supplies,Storage,Storage Bin,10,0.1,60.59,10.56
US-2023-101414,2023-06-12,2023-06-14,Standard Class,Sarah Smith,Consumer,Central,Texas,Houston,Technology,Copiers,Desktop Copier,7,0.1,6312.85,442.33
US-2023-101023,2023-06-12,2023-06-17,First Class,Robert Jackson,Consumer,East,Virginia,Richmond,Office Supplies,Binders,View Binder,12,0.0,175.85,59.72
US-2023-101296,2023-06-12,2023-06-14,First Class,Thomas Thomas,Consumer,West,Oregon,Portland,Office Supplies,Art,Highlighters,1,0.15,38.9,8.01
US-2023-100711,2023-06-14,2023-06-16,Second Class,Linda Jackson,Corporate,East,New Jersey,Jersey City,Technology,Machines,Laminator,9,0.1,3293.47,727.84
US-2023-100664,2023-06-15,2023-06-19,Standard Class,Robert Hernandez,Corporate,South,Florida,Orlando,Furniture,Furnishings,Floor Mat,6,0.2,3203.38,-12.97
US-2023-100340,2023-06-15,2023-06-17,Second Class,Matthew Hernandez,Corporate,East,Virginia,Arlington,Furniture,Tables,Glass Coffee Table,2,0.0,189.13,-1.43
US-2023-101943,2023-06-15,2023-06-17,Standard Class,John Brown,Home Office,East,Massachusetts,Boston,Office Supplies,Paper,Copy Paper 500ct,10,0.0,248.6,46.86
US-2023-101401,2023-06-15,2023-06-22,Second Class,Matthew Hernandez,Consumer,South,Alabama,Birmingham,Furniture,Bookcases,5-Shelf Bookcase,14,0.15,3528.36,119.41
US-2023-101546,2023-06-15,2023-06-19,First Class,Thomas Brown,Consumer,Central,Texas,Austin,Office Supplies,Labels,Address Labels,14,0.15,250.54,20.73
US-2023-100931,2023-06-16,2023-06-18,Standard Class,Daniel Martinez,Consumer,East,Massachusetts,Boston,Technology,Machines,Label Printer,14,0.0,14631.16,2869.23
US-2023-100650,2023-06-17,2023-06-21,Same Day,Barbara Lopez,Consumer,Central,Michigan,Ann Arbor,Technology,Copiers,Desktop Copier,11,0.0,10706.17,574.92
US-2023-101272,2023-06-17,2023-06-18,Standard Class,Karen Rodriguez,Home Office,South,Tennessee,Nashville,Office Supplies,Paper,Copy Paper 500ct,10,0.3,212.48,55.66
US-2023-101537,2023-06-18,2023-06-22,First Class,Jennifer Lopez,Corporate,East,Virginia,Richmond,Furniture,Tables,Round Conference Table,11,0.3,2465.5,400.06
US-2023-100892,2023-06-18,2023-06-22,First Class,David Taylor,Home Office,East,Pennsylvania,Pittsburgh,Technology,Machines,Paper Shredder,13,0.1,12016.87,-915.81
US-2023-101367,2023-06-18,2023-06-21,Standard Class,Robert Davis,Home Office,South,North Carolina,Charlotte,Office Supplies,Art,Highlighters,8,0.15,406.72,61.57
US-2023-100921,2023-06-21,2023-06-24,Same Day,Matthew Garcia,Home Office,Central,Ohio,Columbus,Technology,Accessories,USB-C Hub,5,0.2,2580.87,542.54
US-2023-101026,2023-06-21,2023-06-25,Second Class,Linda Hernandez,Consumer,East,New Jersey,Newark,Technology,Copiers,Multifunction Printer,4,0.3,525.24,-23.21
US-2023-100213,2023-06-21,2023-06-28,Standard Class,Susan Davis,Consumer,Central,Wisconsin,Madison,Office Supplies,Storage,Storage Bin,9,0.15,293.47,75.02
US-2023-100175,2023-06-21,2023-06-23,First Class,Barbara Lopez,Consumer,West,Nevada,Las Vegas,Office Supplies,Labels,Address Labels,13,0.15,49.45,14.68
US-2023-100917,2023-06-21,2023-06-23,Standard Class,Matthew Miller,Corporate,South,Tennessee,Nashville,Technology,Copiers,Multifunction Printer,8,0.3,6609.62,1179.8
US-2023-101842,2023-06-22,2023-06-29,Standard Class,John Brown,Corporate,Central,Ohio,Cleveland,Furniture,Bookcases,Corner Bookcase,8,0.0,3375.82,65.01
US-2023-100188,2023-06-22,2023-06-27,Standard Class,Robert Williams,Consumer,South,North Carolina,Charlotte,Office Supplies,Binders,3-Ring Binder,13,0.0,618.05,110.52
US-2023-100378,2023-06-22,2023-06-23,Standard Class,John Lopez,Home Office,East,New York,New York City,Technology,Accessories,Wireless Mouse,7,0.4,859.42,-81.33
US-2023-100973,2023-06-22,2023-06-25,Same Day,Susan Garcia,Corporate,South,North Carolina,Raleigh,Technology,Phones,Cordless Phone,5,0.15,763.57,17.74
US-2023-101194,2023-06-23,2023-06-24,First Class,Linda Davis,Corporate,South,North Carolina,Charlotte,Office Supplies,Art,Markers Set,9,0.4,234.7,53.63
US-2023-100871,2023-06-24,2023-06-29,Second Class,Richard Rodriguez,Corporate,West,Nevada,Reno,Office Supplies,Binders,3-Ring Binder,10,0.0,406.85,127.68
US-2023-101105,2023-06-24,2023-06-25,Second Class,Nancy Rodriguez,Corporate,South,North Carolina,Raleigh,Technology,Machines,Laminator,14,0.0,4109.17,37.96
US-2023-100792,2023-06-26,2023-06-30,Standard Class,Susan Davis,Consumer,Central,Illinois,Springfield,Technology,Accessories,Laptop Sleeve,9,0.0,8734.75,1984.98
US-2023-100741,2023-06-26,2023-06-29,Standard Class,Thomas Brown,Corporate,East,Massachusetts,Worcester,Furniture,Furnishings,Desk Lamp,12,0.15,6443.64,864.69
US-2023-100377,2023-06-27,2023-07-03,Second Class,Mary Davis,Consumer,East,Virginia,Arlington,Technology,Machines,Laminator,10,0.1,2361.93,611.76
US-2023-101813,2023-06-27,2023-06-28,Standard Class,Margaret Martinez,Consumer,South,Florida,Miami,Technology,Accessories,USB-C Hub,6,0.4,2491.59,338.29
US-2023-101647,2023-06-28,2023-07-01,Standard Class,Betty Hernandez,Home Office,Central,Illinois,Springfield,Technology,Phones,Phone Case,12,0.2,4377.94,853.66
US-2023-101111,2023-06-28,2023-07-02,Second Class,Jennifer Anderson,Home Office,East,Massachusetts,Boston,Office Supplies,Labels,Address Labels,9,0.1,20.73,1.43
US-2023-100291,2023-06-29,2023-07-01,Second Class,John Brown,Corporate,Central,Texas,Houston,Technology,Machines,Laminator,6,0.1,3189.01,-130.6
US-2023-100111,2023-06-29,2023-07-05,Standard Class,Sarah Smith,Consumer,East,New Jersey,Newark,Technology,Accessories,USB-C Hub,11,0.3,8990.36,189.87
US-2023-100491,2023-06-29,2023-07-04,First Class,Matthew Garcia,Home Office,East,New Jersey,Newark,Furniture,Tables,Adjustable Height Desk,12,0.0,9545.16,288.71
US-2023-100654,2023-06-29,2023-06-30,Second Class,Charles Miller,Consumer,Central,Michigan,Detroit,Office Supplies,Storage,Storage Bin,9,0.1,357.64,122.15
US-2023-100609,2023-06-30,2023-07-05,Standard Class,Michael Thomas,Corporate,West,Washington,Seattle,Office Supplies,Storage,Storage Bin,12,0.0,681.56,149.42
US-2023-101464,2023-06-30,2023-07-06,Second Class,Nancy Moore,Corporate,Central,Wisconsin,Madison,Furniture,Bookcases,5-Shelf Bookcase,2,0.0,894.32,149.81
US-2023-100752,2023-06-30,2023-07-02,Standard Class,James Moore,Consumer,South,Alabama,Birmingham,Office Supplies,Labels,Address Labels,5,0.15,142.1,10.34
US-2023-100901,2023-07-01,2023-07-06,Standard Class,Linda Jones,Consumer,South,Georgia,Savannah,Technology,Accessories,Laptop Sleeve,11,0.15,3983.21,347.63
US-2023-100970,2023-07-01,2023-07-04,Standard Class,James Moore,Consumer,South,Tennessee,Memphis,Office Supplies,Storage,Storage Bin,12,0.3,61.77,7.74
US-2023-101226,2023-07-01,2023-07-08,First Class,Thomas Rodriguez,Consumer,West,California,San Francisco,Technology,Phones,Cordless Phone,14,0.15,9725.84,-529.09
US-2023-100317,2023-07-02,2023-07-08,Standard Class,Linda Johnson,Home Office,West,Oregon,Eugene,Furniture,Chairs,Ergonomic Office Chair,8,0.15,1027.35,-26.26
US-2023-101704,2023-07-02,2023-07-07,Standard Class,Sarah Taylor,Corporate,Central,Wisconsin,Madison,Technology,Copiers,Multifunction Printer,14,0.15,4303.11,697.1
US-2023-101882,2023-07-02,2023-07-06,Standard Class,Daniel Williams,Consumer,Central,Ohio,Columbus,Office Supplies,Art,Markers Set,12,0.2,94.79,11.95
US-2023-101355,2023-07-04,2023-07-07,Same Day,Matthew Miller,Corporate,Central,Texas,Houston,Furniture,Furnishings,Floor Mat,1,0.0,721.46,-35.22
US-2023-101620,2023-07-04,2023-07-08,First Class,Thomas Rodriguez,Corporate,East,New Jersey,Newark,Technology,Phones,Cordless Phone,11,0.2,7670.33,1120.53
US-2023-101492,2023-07-04,2023-07-09,Standard Class,Karen Hernandez,Consumer,West,Arizona,Phoenix,Office Supplies,Paper,Sticky Notes,12,0.0,318.28,61.86
US-2023-101806,2023-07-05,2023-07-06,Standard Class,Mary Davis,Consumer,Central,Wisconsin,Milwaukee,Furniture,Bookcases,Corner Bookcase,1,0.15,674.26,39.77
US-2023-101998,2023-07-05,2023-07-08,Standard Class,Thomas Rodriguez,Consumer,Central,Illinois,Springfield,Office Supplies,Storage,Storage Bin,13,0.0,150.54,41.43
US-2023-100523,2023-07-06,2023-07-10,Standard Class,Linda Johnson,Home Office,Central,Illinois,Chicago,Office Supplies,Binders,Heavy-Duty Binder,12,0.1,351.99,64.48
US-2023-101165,2023-07-06,2023-07-07,First Class,Robert Jackson,Home Office,South,Tennessee,Memphis,Technology,Phones,Cordless Phone,3,0.2,622.57,-3.79
US-2023-101559,2023-07-06,2023-07-13,Second Class,Nancy Brown,Consumer,Central,Ohio,Cleveland,Technology,Phones,Cordless Phone,11,0.0,3141.89,-273.87
US-2023-101071,2023-07-07,2023-07-10,First Class,Nancy Brown,Consumer,West,Nevada,Reno,Office Supplies,Storage,Filing Cabinet,1,0.3,27.38,7.85
US-2023-100949,2023-07-07,2023-07-09,First Class,Mark Hernandez,Home Office,West,Nevada,Reno,Office Supplies,Paper,Copy Paper 500ct,12,0.0,382.71,32.22
US-2023-101915,2023-07-08,2023-07-15,First Class,Betty Johnson,Consumer,South,Florida,Orlando,Office Supplies,Art,Highlighters,2,0.3,52.05,12.98
US-2023-101981,2023-07-08,2023-07-13,Second Class,Charles Miller,Corporate,Central,Texas,Dallas,Office Supplies,Binders,Heavy-Duty Binder,1,0.15,33.23,3.05
US-2023-101518,2023-07-08,2023-07-09,Standard Class,Richard Lopez,Home Office,South,Georgia,Atlanta,Technology,Phones,Phone Case,14,0.0,14132.08,2089.27
US-2023-101106,2023-07-09,2023-07-10,Standard Class,Thomas Garcia,Corporate,Central,Illinois,Chicago,Furniture,Chairs,Executive Leather Chair,14,0.3,1147.69,111.58
US-2023-101181,2023-07-10,2023-07-14,Standard Class,Linda Davis,Consumer,East,Massachusetts,Boston,Furniture,Furnishings,Wall Clock,5,0.0,3749.62,208.38
US-2023-100274,2023-07-10,2023-07-12,Second Class,Michael Moore,Consumer,South,Georgia,Savannah,Office Supplies,Binders,View Binder,9,0.0,310.68,43.95
US-2023-100960,2023-07-11,2023-07-13,First Class,Karen Garcia,Corporate,East,Pennsylvania,Pittsburgh,Furniture,Tables,Adjustable Height Desk,1,0.1,748.27,96.78
US-2023-100790,2023-07-11,2023-07-17,Standard Class,Karen Anderson,Consumer,Central,Ohio,Cleveland,Office Supplies,Paper,Copy Paper 500ct,4,0.0,239.19,68.65
US-2023-101561,2023-07-11,2023-07-17,Second Class,Barbara Lopez,Consumer,West,California,San Francisco,Technology,Machines,Label Printer,13,0.3,9866.01,-264.56
US-2023-100392,2023-07-11,2023-07-13,First Class,Matthew Jones,Consumer,Central,Wisconsin,Madison,Technology,Copiers,Multifunction Printer,3,0.15,850.17,42.57
US-2023-101264,2023-07-11,2023-07-15,Second Class,Sarah Garcia,Home Office,Central,Wisconsin,Madison,Technology,Machines,Label Printer,1,0.0,533.55,111.83
US-2023-100477,2023-07-12,2023-07-18,Standard Class,Sarah Smith,Consumer,South,Georgia,Atlanta,Office Supplies,Storage,Storage Box,2,0.1,16.9,2.42
US-2023-101866,2023-07-12,2023-07-17,Standard Class,Anthony Williams,Home Office,West,Nevada,Reno,Technology,Accessories,Wireless Mouse,13,0.15,3322.46,594.55
US-2023-100728,2023-07-12,2023-07-15,Same Day,Anthony Johnson,Consumer,West,Oregon,Portland,Office Supplies,Binders,Heavy-Duty Binder,9,0.2,359.08,37.16
US-2023-101127,2023-07-13,2023-07-19,Same Day,Nancy Moore,Home Office,Central,Wisconsin,Madison,Office Supplies,Storage,Storage Box,9,0.0,88.66,15.6
US-2023-100723,2023-07-13,2023-07-19,First Class,Barbara Lopez,Corporate,West,California,San Francisco,Office Supplies,Binders,Heavy-Duty Binder,10,0.0,330.42,31.85
US-2023-100433,2023-07-13,2023-07-19,First Class,Karen Garcia,Home Office,West,Nevada,Reno,Furniture,Tables,Glass Coffee Table,8,0.0,5148.93,427.54
US-2023-100891,2023-07-14,2023-07-21,Second Class,John Miller,Corporate,East,New York,Albany,Office Supplies,Art,Ballpoint Pens (12pk),9,0.0,193.84,54.89
US-2023-100437,2023-07-14,2023-07-16,First Class,Anthony Williams,Consumer,East,Virginia,Arlington,Technology,Phones,Smartphone X200,9,0.4,3949.95,529.65
US-2023-101256,2023-07-14,2023-07-19,Standard Class,James Williams,Corporate,South,Alabama,Birmingham,Technology,Accessories,USB-C Hub,8,0.1,4454.43,285.8
US-2023-101767,2023-07-15,2023-07-19,Same Day,Betty Wilson,Consumer,Central,Illinois,Chicago,Office Supplies,Art,Markers Set,9,0.0,176.14,48.63
US-2023-101341,2023-07-15,2023-07-20,Standard Class,John Thomas,Corporate,East,Virginia,Richmond,Office Supplies,Storage,Filing Cabinet,2,0.2,72.62,10.18
US-2023-100678,2023-07-16,2023-07-23,Standard Class,Patricia Williams,Corporate,South,Florida,Tampa,Office Supplies,Labels,Address Labels,7,0.0,360.06,123.99
US-2023-101185,2023-07-16,2023-07-22,First Class,Barbara Miller,Home Office,South,Florida,Orlando,Office Supplies,Art,Markers Set,11,0.1,256.08,48.4
US-2023-101357,2023-07-17,2023-07-20,First Class,Robert Johnson,Consumer,East,Pennsylvania,Philadelphia,Office Supplies,Labels,Shipping Labels,10,0.0,192.35,41.6
US-2023-101700,2023-07-17,2023-07-23,First Class,Barbara Lopez,Consumer,East,New Jersey,Jersey City,Technology,Machines,Laminator,3,0.15,1427.78,36.59
US-2023-100028,2023-07-17,2023-07-20,Standard Class,Sandra Smith,Consumer,Central,Ohio,Cleveland,Office Supplies,Art,Markers Set,2,0.0,114.3,15.2
US-2023-101331,2023-07-17,2023-07-19,Standard Class,Susan Davis,Consumer,West,California,Los Angeles,Technology,Machines,Paper Shredder,11,0.4,3123.34,557.57
US-2023-100638,2023-07-17,2023-07-24,Second Class,Michael Davis,Home Office,East,Virginia,Arlington,Office Supplies,Art,Markers Set,13,0.1,518.07,56.78
US-2023-100900,2023-07-18,2023-07-21,Standard Class,Patricia Martinez,Corporate,West,California,Los Angeles,Office Supplies,Art,Highlighters,9,0.0,237.17,67.67
US-2023-101000,2023-07-18,2023-07-23,Second Class,Richard Anderson,Consumer,South,Alabama,Birmingham,Office Supplies,Storage,Storage Bin,9,0.0,392.66,42.63
US-2023-100431,2023-07-18,2023-07-23,Second Class,Sarah Smith,Consumer,West,Nevada,Reno,Office Supplies,Binders,3-Ring Binder,3,0.2,40.48,4.98
US-2023-101081,2023-07-19,2023-07-21,Second Class,Susan Davis,Corporate,West,Nevada,Reno,Furniture,Bookcases,5-Shelf Bookcase,12,0.0,1798.25,22.84
US-2023-101459,2023-07-19,2023-07-23,First Class,Karen Miller,Consumer,West,Nevada,Reno,Office Supplies,Paper,Copy Paper 500ct,2,0.3,22.46,5.02
US-2023-100435,2023-07-19,2023-07-25,Standard Class,Michael Thomas,Corporate,East,New York,Buffalo,Furniture,Bookcases,5-Shelf Bookcase,10,0.0,8266.75,126.84
US-2023-101076,2023-07-20,2023-07-22,Standard Class,John Garcia,Corporate,Central,Wisconsin,Madison,Technology,Accessories,Wireless Mouse,5,0.0,5443.33,507.64
US-2023-100464,2023-07-20,2023-07-22,Standard Class,Lisa Moore,Consumer,Central,Ohio,Cleveland,Office Supplies,Labels,Shipping Labels,4,0.1,187.11,32.7
US-2023-101779,2023-07-20,2023-07-21,Second Class,Robert Moore,Corporate,West,California,San Diego,Technology,Accessories,Laptop Sleeve,3,0.2,2165.48,-167.53
US-2023-100590,2023-07-20,2023-07-25,Standard Class,Lisa Thomas,Home Office,East,New Jersey,Jersey City,Office Supplies,Paper,Copy Paper 500ct,10,0.15,353.2,98.79
US-2023-101500,2023-07-20,2023-07-27,Second Class,Richard Rodriguez,Consumer,West,Oregon,Eugene,Furniture,Tables,Round Conference Table,1,0.0,859.91,17.78
US-2023-101791,2023-07-21,2023-07-27,First Class,Sandra Moore,Consumer,West,Oregon,Portland,Technology,Copiers,Desktop Copier,14,0.2,6648.37,-550.82
US-2023-101087,2023-07-21,2023-07-27,Standard Class,Charles Davis,Consumer,East,Massachusetts,Worcester,Office Supplies,Paper,Sticky Notes,3,0.3,27.76,6.65
US-2023-100193,2023-07-23,2023-07-28,First Class,Susan Jackson,Consumer,East,Massachusetts,Boston,Office Supplies,Labels,Address Labels,4,0.1,180.82,17.74
US-2023-101268,2023-07-23,2023-07-29,Standard Class,Sandra Moore,Corporate,South,Florida,Miami,Furniture,Chairs,Stackable Chair,1,0.4,70.2,3.32
US-2023-101408,2023-07-25,2023-08-01,First Class,Joseph Brown,Corporate,East,Pennsylvania,Pittsburgh,Technology,Accessories,USB-C Hub,1,0.15,743.91,-8.02
US-2023-100154,2023-07-25,2023-07-28,Standard Class,Sandra Moore,Consumer,South,Florida,Orlando,Technology,Machines,Laminator,10,0.1,2824.41,550.3
US-2023-100235,2023-07-25,2023-07-30,Standard Class,Sarah Smith,Consumer,East,New York,New York City,Furniture,Bookcases,Corner Bookcase,1,0.0,679.02,95.64
US-2023-100283,2023-07-26,2023-07-30,First Class,Joseph Brown,Consumer,East,Massachusetts,Worcester,Office Supplies,Binders,3-Ring Binder,2,0.2,67.39,5.87
US-2023-101675,2023-07-26,2023-07-27,Standard Class,James Rodriguez,Corporate,West,Arizona,Tucson,Furniture,Furnishings,Floor Mat,12,0.4,5508.27,952.74
US-2023-100157,2023-07-27,2023-07-29,Standard Class,Thomas Martin,Consumer,Central,Michigan,Ann Arbor,Technology,Copiers,Multifunction Printer,13,0.1,1797.35,64.97
US-2023-101029,2023-07-27,2023-08-03,Standard Class,Mary Davis,Corporate,Central,Ohio,Columbus,Technology,Phones,Cordless Phone,1,0.2,97.65,5.29
US-2023-101437,2023-07-27,2023-08-02,Standard Class,Matthew Garcia,Home Office,Central,Wisconsin,Milwaukee,Technology,Machines,Label Printer,5,0.3,1630.44,241.64
US-2023-100285,2023-07-27,2023-07-28,Standard Class,Daniel Wilson,Corporate,West,Nevada,Reno,Office Supplies,Art,Markers Set,10,0.1,24.37,5.66
US-2023-100143,2023-07-27,2023-08-02,Same Day,Sandra Jackson,Consumer,South,Florida,Miami,Technology,Accessories,USB-C Hub,3,0.3,2211.46,-151.88
US-2023-100802,2023-07-28,2023-08-02,Same Day,Anthony Johnson,Consumer,Central,Illinois,Chicago,Furniture,Bookcases,5-Shelf Bookcase,10,0.15,634.53,110.43
US-2023-101932,2023-07-28,2023-07-29,Standard Class,Thomas Rodriguez,Consumer,West,Washington,Seattle,Office Supplies,Art,Ballpoint Pens (12pk),13,0.4,409.71,40.64
US-2023-101180,2023-07-28,2023-07-29,Standard Class,John Rodriguez,Consumer,Central,Ohio,Cleveland,Office Supplies,Binders,View Binder,14,0.0,127.47,26.7
US-2023-101763,2023-07-29,2023-08-01,First Class,Richard Brown,Corporate,East,New Jersey,Jersey City,Office Supplies,Art,Ballpoint Pens (12pk),9,0.0,312.55,16.1
US-2023-100859,2023-07-29,2023-08-01,Standard Class,Robert Hernandez,Consumer,Central,Ohio,Columbus,Office Supplies,Paper,Sticky Notes,11,0.1,456.82,137.09
US-2023-101828,2023-07-29,2023-08-05,Same Day,Robert Johnson,Consumer,Central,Texas,Houston,Technology,Machines,Label Printer,9,0.0,5860.46,-78.3
US-2023-100975,2023-07-31,2023-08-02,First Class,Linda Johnson,Consumer,South,North Carolina,Raleigh,Technology,Phones,Cordless Phone,11,0.1,8894.61,986.71
US-2023-101089,2023-07-31,2023-08-07,Second Class,Joseph Taylor,Consumer,South,Georgia,Savannah,Technology,Accessories,Wireless Mouse,9,0.4,5150.72,1246.73
US-2023-100139,2023-07-31,2023-08-07,First Class,John Thomas,Corporate,East,Pennsylvania,Pittsburgh,Technology,Copiers,Desktop Copier,1,0.0,728.32,85.68
US-2023-101404,2023-07-31,2023-08-03,Standard Class,Sarah Taylor,Consumer,Central,Wisconsin,Madison,Technology,Accessories,Wireless Mouse,8,0.15,1061.63,-4.44
US-2023-101120,2023-08-01,2023-08-03,First Class,Thomas Rodriguez,Home Office,South,Alabama,Birmingham,Office Supplies,Paper,Sticky Notes,14,0.0,100.62,27.7
US-2023-101064,2023-08-01,2023-08-07,Standard Class,Richard Rodriguez,Consumer,East,Pennsylvania,Philadelphia,Technology,Accessories,USB-C Hub,2,0.15,947.57,193.66
US-2023-100767,2023-08-01,2023-08-05,First Class,John Thomas,Consumer,South,Tennessee,Nashville,Office Supplies,Art,Highlighters,3,0.0,164.59,35.77
US-2023-101312,2023-08-02,2023-08-08,Same Day,Robert Williams,Corporate,East,Virginia,Richmond,Office Supplies,Paper,Copy Paper 500ct,1,0.1,45.12,6.38
US-2023-101640,2023-08-03,2023-08-09,Standard Class,Joseph Taylor,Corporate,South,North Carolina,Charlotte,Office Supplies,Paper,Colored Cardstock,7,0.0,77.75,19.85
US-2023-100366,2023-08-03,2023-08-06,Standard Class,Sandra Jackson,Corporate,West,Arizona,Phoenix,Office Supplies,Storage,Storage Box,13,0.0,647.1,93.19
US-2023-101951,2023-08-03,2023-08-04,Standard Class,Mark Lopez,Consumer,Central,Michigan,Detroit,Office Supplies,Storage,Storage Bin,14,0.15,452.19,150.95
US-2023-101474,2023-08-03,2023-08-06,Standard Class,Nancy Rodriguez,Home Office,Central,Ohio,Columbus,Office Supplies,Art,Highlighters,10,0.0,519.89,151.17
US-2023-100610,2023-08-04,2023-08-08,Same Day,Richard Lopez,Consumer,South,North Carolina,Raleigh,Office Supplies,Paper,Copy Paper 500ct,9,0.0,477.14,65.06
US-2023-100818,2023-08-04,2023-08-05,Second Class,James Jackson,Consumer,East,Pennsylvania,Pittsburgh,Office Supplies,Art,Ballpoint Pens (12pk),2,0.2,6.68,2.17
US-2023-101475,2023-08-06,2023-08-09,Standard Class,John Rodriguez,Consumer,West,California,San Diego,Technology,Machines,Laminator,5,0.1,2251.35,278.8
US-2023-100144,2023-08-07,2023-08-11,Second Class,Chris Brown,Corporate,East,New York,Buffalo,Office Supplies,Paper,Colored Cardstock,2,0.0,30.24,8.92
US-2023-100615,2023-08-08,2023-08-09,Same Day,Sandra Moore,Home Office,South,Georgia,Savannah,Office Supplies,Paper,Sticky Notes,7,0.0,240.44,31.0
US-2023-100355,2023-08-08,2023-08-13,Same Day,Sandra Jackson,Home Office,South,North Carolina,Charlotte,Office Supplies,Binders,3-Ring Binder,4,0.1,166.18,33.03
US-2023-100553,2023-08-09,2023-08-15,Standard Class,Thomas Martin,Corporate,Central,Ohio,Columbus,Furniture,Bookcases,Corner Bookcase,6,0.0,2234.7,-106.13
US-2023-100488,2023-08-09,2023-08-11,Standard Class,David Taylor,Consumer,East,New York,Albany,Technology,Accessories,Wireless Mouse,10,0.2,2836.42,-2.68
US-2023-100715,2023-08-10,2023-08-12,Standard Class,Matthew Jones,Home Office,West,Nevada,Las Vegas,Technology,Accessories,Wireless Mouse,1,0.1,929.98,259.82
US-2023-101772,2023-08-10,2023-08-13,Second Class,Sandra Gonzalez,Consumer,West,Arizona,Phoenix,Furniture,Bookcases,5-Shelf Bookcase,3,0.1,2078.67,-55.92
US-2023-101533,2023-08-10,2023-08-14,Standard Class,Sarah Taylor,Consumer,Central,Texas,Austin,Office Supplies,Storage,Storage Bin,5,0.1,209.08,62.18
US-2023-101840,2023-08-11,2023-08-16,Second Class,Daniel Wilson,Consumer,South,Tennessee,Memphis,Office Supplies,Paper,Colored Cardstock,8,0.2,119.88,22.89
US-2023-101781,2023-08-11,2023-08-18,First Class,Margaret Martin,Consumer,West,Oregon,Eugene,Furniture,Tables,Round Conference Table,7,0.2,363.69,60.56
US-2023-100497,2023-08-11,2023-08-14,Second Class,Linda Johnson,Consumer,West,Oregon,Eugene,Office Supplies,Storage,Storage Box,11,0.3,414.4,27.87
US-2023-100350,2023-08-12,2023-08-14,First Class,Joseph Jackson,Consumer,West,Washington,Spokane,Office Supplies,Art,Markers Set,9,0.15,98.9,20.54
US-2023-101307,2023-08-12,2023-08-13,Second Class,Richard Lopez,Home Office,West,Nevada,Reno,Office Supplies,Binders,3-Ring Binder,6,0.2,185.58,59.67
US-2023-101351,2023-08-12,2023-08-15,Standard Class,Daniel Williams,Corporate,East,Pennsylvania,Philadelphia,Office Supplies,Binders,3-Ring Binder,1,0.0,40.48,8.68
US-2023-101989,2023-08-12,2023-08-14,Standard Class,James Jackson,Consumer,West,Arizona,Tucson,Technology,Machines,Paper Shredder,9,0.15,357.18,-6.98
US-2023-100753,2023-08-12,2023-08-16,Standard Class,Margaret Brown,Corporate,Central,Illinois,Chicago,Office Supplies,Labels,Shipping Labels,5,0.15,189.79,23.82
US-2023-101875,2023-08-14,2023-08-18,Same Day,Joseph Taylor,Consumer,West,California,San Diego,Office Supplies,Binders,Heavy-Duty Binder,14,0.2,444.22,96.27
US-2023-101075,2023-08-14,2023-08-19,Second Class,Charles Miller,Home Office,West,Nevada,Las Vegas,Furniture,Tables,Adjustable Height Desk,8,0.0,1701.61,-40.86
US-2023-101701,2023-08-14,2023-08-20,Standard Class,John Davis,Consumer,Central,Wisconsin,Madison,Technology,Copiers,Desktop Copier,11,0.2,5934.53,-542.39
US-2023-101380,2023-08-14,2023-08-21,Standard Class,Sarah Davis,Consumer,South,Georgia,Savannah,Furniture,Tables,Adjustable Height Desk,4,0.0,1883.07,231.27
US-2023-101776,2023-08-14,2023-08-16,Standard Class,Sarah Smith,Consumer,Central,Texas,Dallas,Technology,Phones,Phone Case,14,0.1,4497.63,1039.77
US-2023-101411,2023-08-14,2023-08-15,First Class,Robert Hernandez,Home Office,West,Oregon,Eugene,Technology,Machines,Laminator,14,0.15,13994.27,2544.71
US-2023-100268,2023-08-15,2023-08-17,Standard Class,John Lopez,Corporate,South,Florida,Orlando,Office Supplies,Storage,Storage Bin,1,0.2,47.88,3.69
US-2023-101512,2023-08-15,2023-08-17,Second Class,Karen Hernandez,Consumer,Central,Texas,Austin,Office Supplies,Paper,Sticky Notes,11,0.0,336.8,69.08
US-2023-101063,2023-08-15,2023-08-16,Standard Class,Anthony Johnson,Consumer,East,New York,Buffalo,Technology,Machines,Label Printer,2,0.3,649.68,139.65
US-2023-101131,2023-08-16,2023-08-22,Standard Class,Linda Jones,Corporate,West,Arizona,Tucson,Furniture,Furnishings,Wall Clock,4,0.0,960.55,7.44
US-2023-101041,2023-08-16,2023-08-23,First Class,Lisa Thomas,Corporate,East,Virginia,Richmond,Furniture,Bookcases,Corner Bookcase,6,0.1,1346.88,233.76
US-2023-101364,2023-08-17,2023-08-21,Standard Class,Michael Moore,Consumer,Central,Michigan,Ann Arbor,Technology,Phones,Cordless Phone,11,0.0,11899.08,1125.3
US-2023-101846,2023-08-17,2023-08-21,Standard Class,Elizabeth Martin,Corporate,South,Alabama,Montgomery,Technology,Phones,Phone Case,9,0.15,8626.23,1366.3
US-2023-100022,2023-08-18,2023-08-24,Standard Class,Sarah Davis,Corporate,Central,Ohio,Cleveland,Technology,Copiers,Desktop Copier,2,0.3,1277.43,-53.77
US-2023-100476,2023-08-18,2023-08-23,Second Class,Daniel Martinez,Consumer,Central,Ohio,Columbus,Office Supplies,Labels,Shipping Labels,13,0.3,52.33,14.0
US-2023-100587,2023-08-18,2023-08-25,Standard Class,Linda Davis,Consumer,West,Washington,Spokane,Furniture,Furnishings,Desk Lamp,5,0.0,4173.55,627.86
US-2023-100793,2023-08-19,2023-08-26,First Class,Richard Rodriguez,Corporate,West,Nevada,Las Vegas,Office Supplies,Paper,Sticky Notes,5,0.0,228.19,24.59
US-2023-101983,2023-08-19,2023-08-22,Standard Class,Lisa Moore,Consumer,South,North Carolina,Raleigh,Office Supplies,Art,Ballpoint Pens (12pk),6,0.3,234.16,39.08
US-2023-100696,2023-08-19,2023-08-25,Standard Class,John Miller,Consumer,West,Nevada,Reno,Technology,Accessories,Wireless Mouse,2,0.15,612.49,108.66
US-2023-101010,2023-08-19,2023-08-20,Second Class,Sandra Moore,Consumer,Central,Illinois,Chicago,Office Supplies,Labels,Shipping Labels,1,0.2,22.87,1.2
US-2023-101074,2023-08-19,2023-08-24,First Class,Charles Davis,Corporate,West,Nevada,Las Vegas,Technology,Copiers,Multifunction Printer,3,0.0,2264.19,406.16
US-2023-100704,2023-08-20,2023-08-23,First Class,Thomas Martin,Consumer,East,Massachusetts,Boston,Office Supplies,Art,Highlighters,3,0.3,19.24,3.52
US-2023-100564,2023-08-20,2023-08-25,Standard Class,Robert Davis,Consumer,West,Washington,Seattle,Furniture,Chairs,Stackable Chair,12,0.2,6348.4,966.81
US-2023-101196,2023-08-20,2023-08-23,Standard Class,Matthew Hernandez,Home Office,West,California,Los Angeles,Technology,Machines,Laminator,5,0.0,5400.15,597.61
US-2023-100516,2023-08-21,2023-08-25,First Class,John Brown,Consumer,West,California,San Diego,Office Supplies,Labels,Shipping Labels,7,0.3,196.05,61.81
US-2023-101295,2023-08-21,2023-08-22,Standard Class,Robert Jackson,Consumer,Central,Wisconsin,Madison,Office Supplies,Binders,View Binder,10,0.1,365.12,85.04
US-2023-100939,2023-08-22,2023-08-24,Second Class,Richard Rodriguez,Consumer,West,Washington,Seattle,Office Supplies,Binders,View Binder,3,0.0,98.4,33.05
US-2023-100717,2023-08-22,2023-08-28,First Class,Nancy Moore,Consumer,East,Virginia,Richmond,Furniture,Furnishings,Floor Mat,6,0.4,2385.92,136.04
US-2023-101423,2023-08-23,2023-08-29,Standard Class,Jessica Smith,Consumer,South,North Carolina,Charlotte,Office Supplies,Storage,Storage Bin,6,0.3,238.53,27.37
US-2023-100034,2023-08-23,2023-08-29,Standard Class,Michael Moore,Consumer,South,Tennessee,Nashville,Office Supplies,Art,Highlighters,14,0.2,403.8,90.0
US-2023-100807,2023-08-23,2023-08-24,Standard Class,Linda Johnson,Home Office,East,Pennsylvania,Philadelphia,Technology,Accessories,Wireless Mouse,12,0.0,10122.19,730.6
US-2023-101019,2023-08-23,2023-08-25,Standard Class,Sarah Davis,Consumer,East,New York,New York City,Furniture,Tables,Glass Coffee Table,11,0.0,9396.55,1664.15
US-2023-101623,2023-08-23,2023-08-30,Standard Class,Daniel Martinez,Corporate,South,Tennessee,Nashville,Office Supplies,Storage,Filing Cabinet,6,0.0,55.6,3.19
US-2023-100788,2023-08-23,2023-08-29,Second Class,Susan Jackson,Home Office,East,Massachusetts,Boston,Office Supplies,Paper,Colored Cardstock,8,0.0,455.89,156.66
US-2023-101323,2023-08-23,2023-08-28,Standard Class,Margaret Brown,Consumer,Central,Michigan,Ann Arbor,Technology,Copiers,Multifunction Printer,1,0.0,1149.34,204.42
US-2023-101854,2023-08-24,2023-08-28,Standard Class,Sarah Brown,Home Office,East,New Jersey,Jersey City,Office Supplies,Paper,Copy Paper 500ct,12,0.15,180.04,36.8
US-2023-100605,2023-08-24,2023-08-28,Second Class,Nancy Moore,Home Office,South,North Carolina,Charlotte,Office Supplies,Labels,Address Labels,13,0.0,455.28,128.81
US-2023-100520,2023-08-24,2023-08-28,Standard Class,Margaret Brown,Corporate,Central,Illinois,Chicago,Office Supplies,Labels,Shipping Labels,2,0.15,44.99,11.74
US-2023-101409,2023-08-25,2023-08-28,Standard Class,Joseph Smith,Home Office,South,Alabama,Birmingham,Technology,Machines,Paper Shredder,12,0.3,5596.03,-452.06
US-2023-101760,2023-08-25,2023-08-30,First Class,Chris Brown,Corporate,South,Georgia,Atlanta,Office Supplies,Storage,Storage Bin,6,0.0,63.03,9.82
US-2023-101883,2023-08-25,2023-08-30,Standard Class,Richard Anderson,Consumer,West,Washington,Seattle,Office Supplies,Labels,Address Labels,3,0.1,26.92,4.83
US-2023-101769,2023-08-26,2023-08-29,Standard Class,Daniel Martinez,Home Office,South,North Carolina,Raleigh,Technology,Accessories,USB-C Hub,5,0.0,1184.3,56.58
US-2023-101229,2023-08-26,2023-08-31,Standard Class,Matthew Martinez,Home Office,Central,Wisconsin,Madison,Furniture,Bookcases,Corner Bookcase,9,0.2,4922.63,543.44
US-2023-101905,2023-08-26,2023-08-29,Standard Class,Lisa Rodriguez,Home Office,East,Massachusetts,Worcester,Office Supplies,Art,Highlighters,8,0.15,104.7,7.46
US-2023-100808,2023-08-26,2023-09-02,Standard Class,Michael Davis,Consumer,Central,Illinois,Springfield,Office Supplies,Paper,Copy Paper 500ct,2,0.3,49.3,13.43
US-2023-101200,2023-08-26,2023-09-01,Standard Class,Sandra Moore,Corporate,West,Arizona,Phoenix,Furniture,Furnishings,Desk Lamp,7,0.1,1055.95,-16.09
US-2023-101290,2023-08-27,2023-09-03,Standard Class,Robert Williams,Home Office,West,Washington,Seattle,Furniture,Furnishings,Floor Mat,6,0.1,4046.16,689.53
US-2023-100312,2023-08-28,2023-09-01,First Class,Margaret Brown,Corporate,West,Washington,Spokane,Office Supplies,Storage,Filing Cabinet,11,0.3,227.35,74.61
US-2023-101373,2023-08-28,2023-08-29,Standard Class,Patricia Lopez,Home Office,East,Pennsylvania,Philadelphia,Office Supplies,Storage,Storage Bin,7,0.1,183.87,27.48
US-2023-101466,2023-08-29,2023-09-02,First Class,Karen Rodriguez,Consumer,East,New Jersey,Newark,Technology,Accessories,Wireless Mouse,6,0.0,6438.75,-232.35
US-2023-101660,2023-08-30,2023-09-01,Standard Class,James Rodriguez,Corporate,East,Massachusetts,Boston,Furniture,Tables,Glass Coffee Table,7,0.15,3264.05,348.88
US-2023-101979,2023-08-30,2023-09-04,Standard Class,Patricia Martinez,Consumer,Central,Ohio,Columbus,Furniture,Chairs,Ergonomic Office Chair,4,0.0,3550.98,420.13
US-2023-101444,2023-08-30,2023-09-01,Standard Class,Anthony Williams,Corporate,Central,Illinois,Chicago,Furniture,Tables,Glass Coffee Table,1,0.0,707.6,87.05
US-2023-101448,2023-08-30,2023-09-03,Standard Class,James Moore,Consumer,South,North Carolina,Raleigh,Office Supplies,Binders,Heavy-Duty Binder,8,0.15,333.41,91.7
US-2023-101982,2023-08-30,2023-09-05,Second Class,Barbara Lopez,Consumer,Central,Illinois,Chicago,Furniture,Chairs,Ergonomic Office Chair,6,0.2,3120.9,194.94
US-2023-101535,2023-08-31,2023-09-06,Standard Class,Matthew Jones,Corporate,Central,Michigan,Detroit,Office Supplies,Paper,Copy Paper 500ct,9,0.1,449.99,157.26
US-2023-101819,2023-08-31,2023-09-04,Standard Class,John Brown,Corporate,Central,Wisconsin,Madison,Office Supplies,Paper,Sticky Notes,13,0.0,236.86,49.15
US-2023-101263,2023-08-31,2023-09-06,Standard Class,Jessica Smith,Home Office,West,California,Los Angeles,Office Supplies,Labels,Address Labels,1,0.0,9.84,2.76
US-2023-101530,2023-09-01,2023-09-08,Second Class,Matthew Hernandez,Consumer,South,Alabama,Montgomery,Technology,Machines,Laminator,3,0.0,1316.81,261.5
US-2023-100311,2023-09-01,2023-09-07,Standard Class,Anthony Johnson,Corporate,West,Oregon,Portland,Technology,Accessories,USB-C Hub,8,0.2,4518.25,955.26
US-2023-101278,2023-09-01,2023-09-05,Second Class,Susan Johnson,Consumer,South,Tennessee,Memphis,Technology,Phones,Cordless Phone,13,0.1,2670.82,-181.0
US-2023-101771,2023-09-01,2023-09-07,Standard Class,Mark Martinez,Home Office,West,California,San Francisco,Furniture,Tables,Round Conference Table,10,0.1,6710.08,881.64
US-2023-101166,2023-09-03,2023-09-07,Standard Class,Chris Brown,Corporate,West,California,San Diego,Office Supplies,Storage,Storage Bin,3,0.1,119.71,13.26
US-2023-101738,2023-09-03,2023-09-04,Standard Class,Jessica Smith,Consumer,West,Washington,Spokane,Office Supplies,Storage,Filing Cabinet,14,0.15,713.36,54.9
US-2023-100037,2023-09-03,2023-09-09,Same Day,Nancy Moore,Consumer,East,New Jersey,Newark,Technology,Copiers,Multifunction Printer,3,0.0,1522.05,395.56
US-2023-101014,2023-09-04,2023-09-08,Standard Class,Margaret Martin,Consumer,South,North Carolina,Charlotte,Furniture,Furnishings,Wall Clock,11,0.15,6876.46,379.87
US-2023-101318,2023-09-04,2023-09-07,Second Class,James Jackson,Home Office,South,Tennessee,Memphis,Technology,Phones,Smartphone X200,3,0.2,449.47,122.24
US-2023-100394,2023-09-05,2023-09-09,Second Class,Lisa Rodriguez,Consumer,West,Washington,Seattle,Technology,Accessories,Wireless Mouse,14,0.0,3547.18,-325.31
US-2023-101712,2023-09-05,2023-09-07,Standard Class,Sandra Moore,Home Office,West,Arizona,Phoenix,Office Supplies,Binders,3-Ring Binder,12,0.0,570.9,30.19
US-2023-101697,2023-09-06,2023-09-07,Standard Class,Robert Jackson,Home Office,Central,Illinois,Chicago,Technology,Machines,Laminator,11,0.1,9731.25,1958.07
US-2023-100114,2023-09-06,2023-09-12,Same Day,Sarah Rodriguez,Consumer,Central,Michigan,Detroit,Furniture,Tables,Glass Coffee Table,10,0.0,6511.66,98.35
US-2023-100968,2023-09-06,2023-09-13,Standard Class,Daniel Wilson,Home Office,South,North Carolina,Raleigh,Technology,Accessories,Laptop Sleeve,13,0.2,10969.78,648.52
US-2023-100347,2023-09-08,2023-09-09,First Class,Joseph Smith,Consumer,South,Florida,Tampa,Office Supplies,Storage,Filing Cabinet,2,0.15,52.01,10.1
US-2023-101912,2023-09-08,2023-09-15,Same Day,Sandra Jackson,Corporate,Central,Illinois,Chicago,Furniture,Tables,Adjustable Height Desk,14,0.0,6696.99,960.95
US-2023-101080,2023-09-08,2023-09-12,Standard Class,Mark Hernandez,Corporate,East,New York,New York City,Office Supplies,Storage,Storage Bin,11,0.2,96.29,24.0
US-2023-101489,2023-09-09,2023-09-16,Standard Class,Jessica Smith,Corporate,West,California,Los Angeles,Office Supplies,Binders,Heavy-Duty Binder,5,0.1,205.65,52.82
US-2023-101937,2023-09-09,2023-09-10,Standard Class,Sarah Smith,Corporate,South,Tennessee,Memphis,Office Supplies,Storage,Filing Cabinet,5,0.0,243.95,76.15
US-2023-101832,2023-09-09,2023-09-12,First Class,Richard Brown,Home Office,West,Washington,Spokane,Office Supplies,Paper,Copy Paper 500ct,14,0.4,188.6,43.22
US-2023-101962,2023-09-09,2023-09-16,First Class,Thomas Martin,Consumer,East,Massachusetts,Boston,Technology,Accessories,Wireless Mouse,11,0.1,1744.99,2.53
US-2023-101269,2023-09-09,2023-09-14,Standard Class,Sarah Brown,Consumer,West,Oregon,Eugene,Office Supplies,Storage,Storage Box,6,0.1,188.44,51.56
US-2023-101653,2023-09-10,2023-09-16,Standard Class,David Smith,Consumer,East,New York,Albany,Technology,Copiers,Multifunction Printer,14,0.3,5788.1,-347.57
US-2023-101436,2023-09-10,2023-09-13,Second Class,Joseph Jackson,Consumer,East,Massachusetts,Worcester,Office Supplies,Paper,Sticky Notes,3,0.1,125.53,8.68
US-2023-100067,2023-09-11,2023-09-17,Second Class,Robert Jackson,Consumer,West,Nevada,Las Vegas,Technology,Machines,Paper Shredder,8,0.1,5353.0,1040.07
US-2023-100089,2023-09-11,2023-09-13,Standard Class,Richard Anderson,Consumer,South,Georgia,Savannah,Office Supplies,Binders,View Binder,2,0.1,102.3,32.81
US-2023-100363,2023-09-11,2023-09-13,Standard Class,Charles Miller,Consumer,West,Oregon,Eugene,Furniture,Bookcases,Corner Bookcase,11,0.3,2480.66,-58.72
US-2023-100018,2023-09-11,2023-09-18,Standard Class,Mary Davis,Corporate,Central,Ohio,Cleveland,Technology,Copiers,Desktop Copier,11,0.0,6566.76,-71.53
US-2023-101582,2023-09-13,2023-09-20,Standard Class,Jennifer Anderson,Corporate,Central,Wisconsin,Madison,Technology,Copiers,Multifunction Printer,10,0.3,3742.15,734.07
US-2023-101335,2023-09-13,2023-09-17,Same Day,Robert Moore,Consumer,West,Arizona,Tucson,Office Supplies,Binders,View Binder,14,0.1,296.23,38.88
US-2023-100082,2023-09-13,2023-09-14,Standard Class,Robert Davis,Consumer,Central,Michigan,Ann Arbor,Technology,Accessories,Laptop Sleeve,1,0.15,410.36,28.55
US-2023-100072,2023-09-14,2023-09-15,First Class,William Rodriguez,Home Office,South,Tennessee,Memphis,Technology,Copiers,Desktop Copier,11,0.2,9883.49,-673.34
US-2023-101547,2023-09-14,2023-09-21,Standard Class,Robert Hernandez,Corporate,South,Florida,Orlando,Technology,Accessories,Laptop Sleeve,13,0.2,9064.66,-456.3
US-2023-100428,2023-09-14,2023-09-16,Same Day,Margaret Martin,Corporate,West,California,Los Angeles,Office Supplies,Binders,Heavy-Duty Binder,2,0.2,92.18,11.16
US-2023-100254,2023-09-14,2023-09-21,Standard Class,Margaret Martin,Consumer,East,New York,Buffalo,Technology,Phones,Phone Case,7,0.0,6501.11,1172.12
US-2023-100941,2023-09-15,2023-09-19,First Class,William Rodriguez,Consumer,Central,Michigan,Ann Arbor,Office Supplies,Paper,Copy Paper 500ct,7,0.0,31.91,2.77
US-2023-101857,2023-09-15,2023-09-22,Standard Class,Betty Johnson,Consumer,East,Pennsylvania,Pittsburgh,Furniture,Furnishings,Desk Lamp,5,0.4,627.48,42.24
US-2023-101214,2023-09-15,2023-09-20,Second Class,Anthony Williams,Consumer,South,Alabama,Montgomery,Office Supplies,Art,Ballpoint Pens (12pk),5,0.3,204.86,39.34
US-2023-101734,2023-09-15,2023-09-20,First Class,Patricia Martinez,Consumer,West,California,Los Angeles,Office Supplies,Storage,Storage Box,5,0.1,203.58,35.83
US-2023-101570,2023-09-16,2023-09-19,Second Class,Richard Anderson,Consumer,South,North Carolina,Charlotte,Technology,Machines,Label Printer,3,0.0,2621.8,29.09
US-2023-100927,2023-09-17,2023-09-22,Second Class,Mary Davis,Home Office,South,Georgia,Atlanta,Technology,Machines,Label Printer,13,0.0,11272.62,2504.99
US-2023-101313,2023-09-18,2023-09-23,Standard Class,Patricia Martinez,Consumer,East,Pennsylvania,Philadelphia,Office Supplies,Art,Highlighters,4,0.1,173.63,23.87
US-2023-100440,2023-09-18,2023-09-23,Same Day,Sandra Moore,Corporate,South,Georgia,Savannah,Furniture,Furnishings,Wall Clock,2,0.1,311.11,26.23
US-2023-101735,2023-09-19,2023-09-22,Second Class,Jennifer Anderson,Home Office,Central,Wisconsin,Madison,Technology,Phones,Cordless Phone,10,0.0,4152.85,684.16
US-2023-100210,2023-09-19,2023-09-20,Standard Class,Thomas Rodriguez,Corporate,East,Pennsylvania,Philadelphia,Office Supplies,Art,Markers Set,6,0.3,236.77,66.79
US-2023-100374,2023-09-19,2023-09-22,Standard Class,James Jackson,Home Office,West,Arizona,Phoenix,Technology,Copiers,Desktop Copier,2,0.3,529.18,10.86
US-2023-100680,2023-09-20,2023-09-23,Standard Class,Thomas Garcia,Home Office,South,North Carolina,Charlotte,Technology,Machines,Label Printer,14,0.0,13375.27,-244.87
US-2023-100098,2023-09-20,2023-09-26,First Class,Lisa Rodriguez,Consumer,South,North Carolina,Charlotte,Office Supplies,Storage,Storage Bin,8,0.15,340.14,28.15
US-2023-100732,2023-09-20,2023-09-26,Standard Class,Jessica Smith,Consumer,West,California,Los Angeles,Technology,Copiers,Desktop Copier,12,0.0,7889.09,-430.96
US-2023-100738,2023-09-21,2023-09-23,Same Day,Anthony Johnson,Corporate,South,Alabama,Montgomery,Office Supplies,Storage,Storage Bin,6,0.0,162.24,50.93
US-2023-100835,2023-09-22,2023-09-24,Same Day,Karen Hernandez,Consumer,South,Florida,Orlando,Office Supplies,Art,Ballpoint Pens (12pk),11,0.1,167.42,26.52
US-2023-100819,2023-09-22,2023-09-27,Standard Class,Lisa Moore,Corporate,South,Florida,Miami,Office Supplies,Storage,Storage Bin,9,0.15,415.22,40.14
US-2023-101043,2023-09-22,2023-09-29,First Class,Margaret Brown,Home Office,East,Virginia,Richmond,Technology,Copiers,Multifunction Printer,7,0.0,6383.23,-112.71
US-2023-101750,2023-09-22,2023-09-29,Standard Class,Robert Williams,Home Office,Central,Ohio,Columbus,Office Supplies,Labels,Address Labels,13,0.1,282.01,68.86
US-2023-100684,2023-09-23,2023-09-26,Second Class,Matthew Garcia,Consumer,East,Pennsylvania,Pittsburgh,Office Supplies,Art,Markers Set,10,0.1,30.08,5.89
US-2023-101657,2023-09-23,2023-09-25,Same Day,Karen Hernandez,Consumer,Central,Ohio,Cleveland,Technology,Phones,Phone Case,6,0.15,1401.88,238.38
US-2023-101301,2023-09-23,2023-09-24,Second Class,Matthew Garcia,Home Office,South,Florida,Tampa,Technology,Machines,Laminator,11,0.0,4370.67,1022.04
US-2023-101728,2023-09-24,2023-09-27,Standard Class,Matthew Garcia,Consumer,West,Nevada,Reno,Office Supplies,Paper,Sticky Notes,9,0.2,228.57,16.88
US-2023-100339,2023-09-24,2023-09-26,Standard Class,Anthony Williams,Home Office,Central,Ohio,Cleveland,Office Supplies,Labels,Address Labels,8,0.0,149.7,50.43
US-2023-100668,2023-09-24,2023-09-27,Standard Class,Charles Miller,Home Office,South,Georgia,Savannah,Furniture,Chairs,Ergonomic Office Chair,5,0.0,3194.62,42.55
US-2023-100006,2023-09-25,2023-09-27,Standard Class,Charles Davis,Corporate,East,Virginia,Richmond,Office Supplies,Art,Highlighters,11,0.15,148.14,21.46
US-2023-100978,2023-09-25,2023-09-28,Second Class,Richard Rodriguez,Consumer,West,Nevada,Reno,Technology,Machines,Laminator,7,0.3,4844.9,656.12
US-2023-100596,2023-09-26,2023-10-03,Standard Class,David Taylor,Corporate,Central,Texas,Austin,Technology,Phones,Phone Case,13,0.2,4460.61,790.0
US-2023-101057,2023-09-26,2023-10-03,Standard Class,Daniel Williams,Corporate,Central,Wisconsin,Madison,Office Supplies,Storage,Filing Cabinet,5,0.0,99.14,23.16
US-2023-100009,2023-09-26,2023-09-28,First Class,Susan Garcia,Consumer,West,California,San Diego,Office Supplies,Storage,Storage Box,12,0.0,515.14,132.55
US-2023-100667,2023-09-26,2023-10-03,Standard Class,Susan Miller,Corporate,West,Oregon,Eugene,Technology,Copiers,Multifunction Printer,14,0.1,11021.64,-84.14
US-2023-101757,2023-09-27,2023-10-03,Standard Class,Sarah Brown,Corporate,East,Massachusetts,Boston,Office Supplies,Labels,Shipping Labels,3,0.15,87.35,16.34
US-2023-100716,2023-09-27,2023-10-01,Second Class,Richard Rodriguez,Corporate,East,Massachusetts,Boston,Technology,Copiers,Multifunction Printer,6,0.1,1644.87,36.57
US-2023-100588,2023-09-27,2023-10-03,Standard Class,Lisa Moore,Corporate,East,Virginia,Arlington,Office Supplies,Binders,Heavy-Duty Binder,1,0.3,18.51,2.06
US-2023-100898,2023-09-28,2023-10-03,Standard Class,Jennifer Lopez,Home Office,Central,Ohio,Columbus,Furniture,Furnishings,Desk Lamp,1,0.0,669.83,99.64
US-2023-101156,2023-09-28,2023-10-02,Standard Class,James Williams,Consumer,West,Oregon,Eugene,Furniture,Chairs,Executive Leather Chair,7,0.1,502.53,27.84
US-2023-101157,2023-09-28,2023-10-03,Standard Class,Lisa Rodriguez,Consumer,East,Pennsylvania,Philadelphia,Office Supplies,Art,Ballpoint Pens (12pk),12,0.2,296.35,87.27
US-2023-100708,2023-09-30,2023-10-01,Second Class,Thomas Brown,Consumer,West,California,San Diego,Technology,Accessories,Laptop Sleeve,13,0.15,8174.45,1256.18
US-2023-100957,2023-09-30,2023-10-04,Second Class,John Brown,Consumer,Central,Wisconsin,Madison,Office Supplies,Paper,Sticky Notes,9,0.15,44.03,4.08
US-2023-100471,2023-09-30,2023-10-04,Same Day,Linda Johnson,Corporate,West,California,Los Angeles,Office Supplies,Binders,View Binder,8,0.15,251.96,36.43
US-2023-101217,2023-09-30,2023-10-01,Standard Class,Matthew Garcia,Consumer,East,Massachusetts,Boston,Office Supplies,Art,Ballpoint Pens (12pk),11,0.0,632.74,150.43
US-2023-100207,2023-10-01,2023-10-08,Second Class,Lisa Anderson,Consumer,Central,Ohio,Columbus,Office Supplies,Binders,View Binder,13,0.2,193.69,26.83
US-2023-100103,2023-10-01,2023-10-04,Standard Class,Mark Martinez,Consumer,West,Washington,Seattle,Office Supplies,Paper,Copy Paper 500ct,5,0.1,158.52,39.68
US-2023-101732,2023-10-01,2023-10-07,Second Class,Robert Hernandez,Consumer,East,Pennsylvania,Pittsburgh,Technology,Accessories,Laptop Sleeve,3,0.2,2112.79,102.3
US-2023-100499,2023-10-03,2023-10-04,Standard Class,Matthew Jones,Consumer,Central,Illinois,Springfield,Office Supplies,Storage,Filing Cabinet,8,0.2,175.89,55.42
US-2023-100418,2023-10-03,2023-10-08,First Class,Linda Davis,Corporate,South,Alabama,Montgomery,Furniture,Chairs,Ergonomic Office Chair,10,0.2,5016.65,100.64
US-2023-100809,2023-10-03,2023-10-10,Standard Class,Susan Davis,Corporate,South,Tennessee,Nashville,Office Supplies,Paper,Sticky Notes,13,0.2,95.68,9.17
US-2023-101418,2023-10-04,2023-10-09,Second Class,Mary Davis,Consumer,West,Oregon,Eugene,Furniture,Bookcases,5-Shelf Bookcase,12,0.2,5725.65,360.68
US-2023-101058,2023-10-04,2023-10-08,Standard Class,Karen Anderson,Corporate,East,Virginia,Richmond,Technology,Machines,Laminator,5,0.15,4288.35,538.02
US-2023-100124,2023-10-04,2023-10-05,Standard Class,Richard Rodriguez,Consumer,South,Georgia,Savannah,Office Supplies,Binders,3-Ring Binder,3,0.1,72.89,5.6
US-2023-100490,2023-10-04,2023-10-05,Second Class,Thomas Martin,Consumer,East,Massachusetts,Boston,Office Supplies,Art,Markers Set,9,0.15,258.61,38.81
US-2023-101385,2023-10-04,2023-10-07,Second Class,Matthew Garcia,Consumer,East,Pennsylvania,Philadelphia,Office Supplies,Paper,Sticky Notes,2,0.2,39.83,4.35
US-2023-100518,2023-10-05,2023-10-09,Standard Class,Joseph Jackson,Home Office,East,Massachusetts,Boston,Technology,Machines,Paper Shredder,11,0.2,9602.31,2608.55
US-2023-101230,2023-10-05,2023-10-11,Standard Class,Joseph Smith,Consumer,West,Nevada,Las Vegas,Office Supplies,Labels,Address Labels,4,0.15,74.59,23.93
US-2023-101835,2023-10-05,2023-10-12,Same Day,Matthew Hernandez,Home Office,Central,Ohio,Cleveland,Office Supplies,Paper,Sticky Notes,12,0.2,397.77,29.99
US-2023-100804,2023-10-06,2023-10-08,Standard Class,Linda Johnson,Corporate,South,Tennessee,Memphis,Furniture,Furnishings,Floor Mat,11,0.0,5201.64,336.95
US-2023-100385,2023-10-07,2023-10-12,Second Class,Sarah Garcia,Home Office,West,Oregon,Portland,Furniture,Bookcases,5-Shelf Bookcase,11,0.1,5464.49,444.16
US-2023-100747,2023-10-07,2023-10-13,Standard Class,Robert Jackson,Consumer,Central,Illinois,Chicago,Office Supplies,Storage,Filing Cabinet,13,0.0,523.2,171.59
US-2023-101887,2023-10-07,2023-10-10,Second Class,James Jackson,Corporate,Central,Michigan,Detroit,Office Supplies,Storage,Storage Box,13,0.0,618.53,175.57
US-2023-101805,2023-10-07,2023-10-12,Same Day,Nancy Moore,Consumer,Central,Michigan,Ann Arbor,Office Supplies,Binders,View Binder,6,0.15,38.15,13.34
US-2023-100479,2023-10-08,2023-10-15,Same Day,Matthew Garcia,Consumer,South,Georgia,Savannah,Furniture,Chairs,Stackable Chair,12,0.0,6505.64,1120.88
US-2023-100029,2023-10-08,2023-10-09,Second Class,Daniel Wilson,Consumer,Central,Texas,Houston,Office Supplies,Storage,Storage Box,1,0.3,29.72,9.27
US-2023-101344,2023-10-08,2023-10-13,Standard Class,Anthony Taylor,Corporate,East,New Jersey,Jersey City,Furniture,Furnishings,Wall Clock,13,0.2,1501.01,16.54
US-2023-101663,2023-10-08,2023-10-15,First Class,Richard Gonzalez,Home Office,Central,Texas,Houston,Office Supplies,Storage,Filing Cabinet,8,0.15,57.44,14.29
US-2023-101725,2023-10-08,2023-10-11,Second Class,Karen Garcia,Corporate,West,Arizona,Tucson,Furniture,Bookcases,5-Shelf Bookcase,6,0.0,5394.64,445.08
US-2023-100324,2023-10-08,2023-10-10,Standard Class,Matthew Garcia,Corporate,West,Arizona,Phoenix,Office Supplies,Paper,Copy Paper 500ct,13,0.1,495.91,30.85
US-2023-101949,2023-10-09,2023-10-10,Second Class,Betty Johnson,Home Office,East,Massachusetts,Worcester,Technology,Accessories,Wireless Mouse,12,0.2,10326.3,2547.81
US-2023-100256,2023-10-10,2023-10-15,Standard Class,Richard Brown,Corporate,Central,Texas,Austin,Furniture,Chairs,Mesh Task Chair,2,0.15,667.21,72.64
US-2023-101987,2023-10-10,2023-10-17,Standard Class,Sarah Taylor,Corporate,East,Pennsylvania,Philadelphia,Technology,Copiers,Multifunction Printer,5,0.0,1411.2,260.4
US-2023-100275,2023-10-10,2023-10-17,Same Day,Richard Lopez,Consumer,East,New York,Buffalo,Technology,Machines,Paper Shredder,1,0.2,857.42,5.55
US-2023-101569,2023-10-10,2023-10-15,Standard Class,Linda Johnson,Consumer,West,California,San Diego,Technology,Machines,Laminator,8,0.0,6756.21,-337.74
US-2023-101177,2023-10-10,2023-10-14,First Class,Richard Lopez,Consumer,Central,Illinois,Springfield,Office Supplies,Binders,3-Ring Binder,7,0.2,333.93,59.22
US-2023-101748,2023-10-10,2023-10-11,Standard Class,Margaret Martinez,Consumer,Central,Michigan,Ann Arbor,Office Supplies,Art,Ballpoint Pens (12pk),13,0.4,88.06,16.99
US-2023-101525,2023-10-11,2023-10-14,Second Class,Karen Miller,Consumer,West,Arizona,Phoenix,Office Supplies,Storage,Filing Cabinet,2,0.0,74.07,24.09
US-2023-101586,2023-10-11,2023-10-14,Same Day,Elizabeth Martin,Consumer,East,New Jersey,Jersey City,Furniture,Chairs,Mesh Task Chair,4,0.0,2353.68,6.83
US-2023-101585,2023-10-11,2023-10-14,Standard Class,Linda Davis,Corporate,Central,Wisconsin,Milwaukee,Office Supplies,Storage,Storage Box,14,0.0,659.63,101.6
US-2023-101490,2023-10-11,2023-10-15,Second Class,Richard Anderson,Corporate,South,North Carolina,Charlotte,Furniture,Chairs,Stackable Chair,7,0.1,782.84,-22.4
US-2023-101007,2023-10-12,2023-10-15,Second Class,Chris Brown,Corporate,Central,Wisconsin,Milwaukee,Technology,Phones,Smartphone X200,3,0.1,1434.34,-108.33
US-2023-100343,2023-10-12,2023-10-14,First Class,Linda Jackson,Corporate,Central,Texas,Dallas,Furniture,Tables,Glass Coffee Table,1,0.4,78.13,13.63
US-2023-100611,2023-10-13,2023-10-15,First Class,Thomas Brown,Corporate,East,Pennsylvania,Pittsburgh,Technology,Machines,Paper Shredder,2,0.0,1826.38,192.02
US-2023-100012,2023-10-13,2023-10-20,Standard Class,Daniel Williams,Consumer,East,Pennsylvania,Pittsburgh,Office Supplies,Paper,Copy Paper 500ct,2,0.1,32.74,6.9
US-2023-100519,2023-10-13,2023-10-15,Standard Class,Karen Hernandez,Consumer,East,New Jersey,Newark,Office Supplies,Art,Ballpoint Pens (12pk),2,0.1,16.91,3.29
US-2023-100797,2023-10-13,2023-10-16,Standard Class,Richard Rodriguez,Home Office,East,Virginia,Richmond,Office Supplies,Storage,Storage Box,10,0.3,281.6,79.12
US-2023-101037,2023-10-13,2023-10-14,Standard Class,David Smith,Consumer,South,Georgia,Savannah,Office Supplies,Storage,Filing Cabinet,11,0.1,550.94,100.16
US-2023-100358,2023-10-13,2023-10-20,Standard Class,Susan Jackson,Consumer,East,New Jersey,Newark,Office Supplies,Art,Ballpoint Pens (12pk),12,0.2,349.74,54.85
US-2023-101399,2023-10-13,2023-10-15,Standard Class,Sandra Moore,Consumer,West,California,San Francisco,Technology,Accessories,Wireless Mouse,4,0.15,963.66,80.66
US-2023-100242,2023-10-14,2023-10-18,Standard Class,Betty Hernandez,Corporate,Central,Illinois,Springfield,Office Supplies,Art,Highlighters,3,0.2,141.11,41.09
US-2023-100531,2023-10-14,2023-10-19,Standard Class,Michael Davis,Consumer,Central,Wisconsin,Milwaukee,Office Supplies,Art,Markers Set,6,0.1,33.08,11.36
US-2023-101133,2023-10-14,2023-10-15,Standard Class,Linda Johnson,Consumer,East,Pennsylvania,Philadelphia,Office Supplies,Storage,Filing Cabinet,1,0.2,33.62,7.38
US-2023-100161,2023-10-14,2023-10-18,First Class,Robert Davis,Consumer,South,Tennessee,Memphis,Furniture,Furnishings,Desk Lamp,3,0.0,267.32,11.96
US-2023-101139,2023-10-14,2023-10-20,First Class,Robert Williams,Consumer,South,Tennessee,Nashville,Furniture,Chairs,Stackable Chair,7,0.0,5079.0,689.63
US-2023-100707,2023-10-14,2023-10-21,Standard Class,Linda Jackson,Consumer,Central,Illinois,Springfield,Technology,Copiers,Multifunction Printer,12,0.0,9349.33,332.19
US-2023-100424,2023-10-15,2023-10-19,Same Day,Nancy Moore,Home Office,East,New York,Albany,Office Supplies,Paper,Copy Paper 500ct,12,0.2,135.62,42.17
US-2023-100551,2023-10-15,2023-10-19,First Class,Sarah Taylor,Consumer,South,Alabama,Montgomery,Technology,Machines,Label Printer,2,0.2,631.29,148.66
US-2023-101602,2023-10-16,2023-10-18,First Class,Linda Jackson,Consumer,South,Georgia,Savannah,Office Supplies,Art,Ballpoint Pens (12pk),9,0.15,313.13,45.05
US-2023-101494,2023-10-16,2023-10-17,Standard Class,Mary Davis,Consumer,Central,Illinois,Springfield,Office Supplies,Storage,Storage Box,1,0.3,31.7,6.38
US-2023-100621,2023-10-17,2023-10-20,Standard Class,Patricia Williams,Consumer,West,California,Los Angeles,Technology,Phones,Phone Case,1,0.0,319.35,47.58
US-2023-100763,2023-10-17,2023-10-19,Standard Class,Richard Lopez,Home Office,East,Virginia,Richmond,Office Supplies,Binders,Heavy-Duty Binder,13,0.0,554.29,76.95
US-2023-100387,2023-10-17,2023-10-20,Standard Class,Joseph Smith,Consumer,West,Arizona,Tucson,Office Supplies,Labels,Address Labels,13,0.1,71.39,7.38
US-2023-101163,2023-10-17,2023-10-23,Second Class,Robert Davis,Home Office,Central,Illinois,Springfield,Office Supplies,Paper,Copy Paper 500ct,14,0.15,109.19,23.37
US-2023-101266,2023-10-17,2023-10-24,First Class,Susan Miller,Consumer,West,Arizona,Tucson,Office Supplies,Storage,Storage Bin,6,0.15,130.34,12.36
US-2023-100230,2023-10-18,2023-10-23,First Class,James Moore,Corporate,South,North Carolina,Charlotte,Office Supplies,Storage,Filing Cabinet,9,0.2,93.34,7.97
US-2023-101053,2023-10-18,2023-10-22,Standard Class,James Jackson,Corporate,West,Oregon,Eugene,Technology,Machines,Laminator,1,0.15,444.05,67.87
US-2023-100227,2023-10-18,2023-10-19,Second Class,Sarah Garcia,Home Office,East,Virginia,Arlington,Office Supplies,Labels,Address Labels,4,0.0,238.32,54.87
US-2023-101314,2023-10-18,2023-10-24,Second Class,John Garcia,Corporate,South,North Carolina,Raleigh,Furniture,Chairs,Stackable Chair,2,0.3,1167.78,105.39
US-2023-101703,2023-10-20,2023-10-24,Second Class,Susan Garcia,Consumer,Central,Texas,Houston,Office Supplies,Labels,Address Labels,14,0.2,173.66,28.49
US-2023-100885,2023-10-20,2023-10-25,Standard Class,Richard Rodriguez,Corporate,South,Florida,Tampa,Technology,Machines,Paper Shredder,3,0.0,1680.41,213.72
US-2023-101265,2023-10-20,2023-10-26,Standard Class,Barbara Miller,Corporate,South,North Carolina,Raleigh,Office Supplies,Storage,Storage Bin,9,0.0,164.95,14.4
US-2023-101011,2023-10-20,2023-10-21,First Class,Karen Rodriguez,Consumer,Central,Texas,Houston,Office Supplies,Art,Markers Set,8,0.0,101.27,26.4
US-2023-100462,2023-10-20,2023-10-25,Second Class,Joseph Lopez,Consumer,South,Tennessee,Memphis,Furniture,Tables,Round Conference Table,8,0.1,6284.81,1060.46
US-2023-100250,2023-10-21,2023-10-25,First Class,Sarah Davis,Home Office,South,North Carolina,Charlotte,Office Supplies,Binders,Heavy-Duty Binder,9,0.1,449.4,80.5
US-2023-100044,2023-10-22,2023-10-28,First Class,John Davis,Corporate,East,Pennsylvania,Pittsburgh,Office Supplies,Art,Markers Set,9,0.15,211.3,37.46
US-2023-100042,2023-10-22,2023-10-24,Second Class,James Jackson,Consumer,South,North Carolina,Raleigh,Technology,Phones,Phone Case,12,0.2,8828.47,121.81
US-2023-101164,2023-10-22,2023-10-27,Standard Class,Sarah Smith,Consumer,East,Massachusetts,Boston,Furniture,Furnishings,Desk Lamp,14,0.1,9900.58,136.25
US-2023-100379,2023-10-22,2023-10-28,First Class,Matthew Martinez,Home Office,South,Tennessee,Memphis,Furniture,Tables,Round Conference Table,8,0.0,3047.53,425.25
US-2023-100137,2023-10-23,2023-10-25,Standard Class,Margaret Brown,Consumer,South,Tennessee,Nashville,Furniture,Chairs,Mesh Task Chair,13,0.1,5196.55,-124.52
US-2023-101175,2023-10-23,2023-10-28,Standard Class,William Rodriguez,Corporate,East,New Jersey,Newark,Technology,Phones,Phone Case,14,0.0,806.32,167.36
US-2023-101524,2023-10-23,2023-10-29,Second Class,Matthew Martinez,Consumer,South,Georgia,Savannah,Office Supplies,Labels,Shipping Labels,7,0.0,241.84,37.01
US-2023-100642,2023-10-23,2023-10-25,Second Class,Anthony Taylor,Consumer,West,Arizona,Tucson,Furniture,Tables,Glass Coffee Table,6,0.2,3109.0,-90.55
US-2023-100571,2023-10-23,2023-10-24,Standard Class,Lisa Jackson,Corporate,South,Georgia,Savannah,Technology,Machines,Paper Shredder,13,0.2,2956.41,-289.92
US-2023-100952,2023-10-24,2023-10-30,Standard Class,Sarah Smith,Home Office,East,New York,New York City,Technology,Phones,Phone Case,9,0.1,912.17,94.26
US-2023-101716,2023-10-24,2023-10-29,Standard Class,Michael Moore,Consumer,West,Washington,Seattle,Technology,Accessories,Laptop Sleeve,14,0.4,6326.38,637.39
US-2023-101592,2023-10-24,2023-10-26,Standard Class,Robert Jackson,Consumer,South,Georgia,Savannah,Furniture,Chairs,Ergonomic Office Chair,1,0.2,259.27,26.85
US-2023-101965,2023-10-25,2023-11-01,Standard Class,Matthew Hernandez,Consumer,Central,Texas,Austin,Office Supplies,Storage,Storage Bin,9,0.1,160.71,19.31
US-2023-101770,2023-10-25,2023-10-29,Standard Class,Matthew Hernandez,Consumer,East,Virginia,Arlington,Furniture,Chairs,Mesh Task Chair,7,0.0,424.07,18.04
US-2023-101639,2023-10-25,2023-10-30,Standard Class,James Jackson,Consumer,East,New York,New York City,Office Supplies,Paper,Sticky Notes,6,0.0,12.93,0.73
US-2023-101285,2023-10-25,2023-10-26,Second Class,Susan Miller,Consumer,East,Pennsylvania,Pittsburgh,Office Supplies,Labels,Shipping Labels,7,0.2,136.06,17.23
US-2023-101829,2023-10-26,2023-10-29,Second Class,Daniel Martinez,Consumer,Central,Ohio,Columbus,Office Supplies,Storage,Storage Bin,10,0.0,127.13,23.58
US-2023-100128,2023-10-26,2023-11-02,Second Class,Michael Thomas,Consumer,East,Virginia,Richmond,Technology,Phones,Phone Case,12,0.15,9794.07,-38.99
US-2023-100127,2023-10-26,2023-11-01,Same Day,Barbara Miller,Consumer,East,New Jersey,Jersey City,Office Supplies,Paper,Colored Cardstock,12,0.0,697.56,199.33
US-2023-100202,2023-10-26,2023-10-31,First Class,Matthew Moore,Consumer,South,North Carolina,Raleigh,Furniture,Tables,Round Conference Table,9,0.1,3029.95,421.23
US-2023-101954,2023-10-26,2023-11-01,Standard Class,Matthew Hernandez,Home Office,West,Oregon,Eugene,Furniture,Furnishings,Desk Lamp,7,0.0,1172.26,87.03
US-2023-100798,2023-10-26,2023-11-01,Standard Class,Sandra Smith,Corporate,Central,Wisconsin,Madison,Furniture,Furnishings,Floor Mat,4,0.0,931.27,92.12
US-2023-100288,2023-10-27,2023-10-31,First Class,Michael Davis,Corporate,West,California,San Francisco,Office Supplies,Art,Ballpoint Pens (12pk),3,0.1,139.98,15.78
US-2023-101342,2023-10-27,2023-11-01,Second Class,Anthony Johnson,Corporate,Central,Wisconsin,Milwaukee,Technology,Phones,Smartphone X200,8,0.0,9502.42,-161.43
US-2023-100714,2023-10-28,2023-11-02,Standard Class,Susan Miller,Consumer,South,North Carolina,Charlotte,Technology,Machines,Laminator,10,0.2,2344.36,649.9
US-2023-100604,2023-10-28,2023-10-30,Standard Class,Karen Anderson,Consumer,West,Arizona,Phoenix,Office Supplies,Labels,Shipping Labels,6,0.1,251.23,21.26
US-2023-101724,2023-10-28,2023-10-31,Standard Class,Lisa Jackson,Consumer,East,Pennsylvania,Pittsburgh,Furniture,Chairs,Ergonomic Office Chair,12,0.3,4326.32,-46.06
US-2023-100487,2023-10-28,2023-11-03,Same Day,Thomas Thomas,Consumer,Central,Wisconsin,Milwaukee,Office Supplies,Binders,3-Ring Binder,9,0.1,287.31,44.72
US-2023-101172,2023-10-28,2023-10-30,Standard Class,Daniel Martinez,Consumer,Central,Michigan,Ann Arbor,Technology,Phones,Smartphone X200,13,0.0,6401.93,783.15
US-2023-100563,2023-10-29,2023-10-31,First Class,Betty Johnson,Consumer,West,Nevada,Reno,Office Supplies,Binders,Heavy-Duty Binder,7,0.1,113.42,7.37
US-2023-100395,2023-10-29,2023-11-03,Second Class,Lisa Anderson,Home Office,East,Pennsylvania,Pittsburgh,Technology,Copiers,Desktop Copier,14,0.15,466.63,103.81
US-2023-101109,2023-10-30,2023-10-31,Standard Class,Patricia Lopez,Consumer,East,New Jersey,Newark,Office Supplies,Paper,Colored Cardstock,14,0.0,402.53,89.09
US-2023-100102,2023-10-30,2023-11-04,Second Class,Anthony Williams,Consumer,West,Oregon,Portland,Technology,Machines,Paper Shredder,11,0.3,7944.02,-532.56
US-2023-100999,2023-10-31,2023-11-02,Standard Class,Joseph Brown,Corporate,West,Washington,Spokane,Technology,Copiers,Desktop Copier,13,0.2,3427.42,853.4
US-2023-100334,2023-10-31,2023-11-04,Standard Class,Nancy Moore,Home Office,Central,Ohio,Columbus,Technology,Phones,Cordless Phone,13,0.2,6912.35,1622.48
US-2023-101695,2023-11-02,2023-11-05,Standard Class,Richard Lopez,Consumer,East,Virginia,Arlington,Office Supplies,Binders,View Binder,10,0.0,212.17,55.71
US-2023-101332,2023-11-02,2023-11-09,Standard Class,Betty Hernandez,Consumer,Central,Michigan,Ann Arbor,Technology,Machines,Label Printer,13,0.0,12452.31,-330.43
US-2023-102000,2023-11-02,2023-11-07,Standard Class,Susan Davis,Consumer,East,New Jersey,Jersey City,Technology,Copiers,Multifunction Printer,12,0.1,933.02,195.21
US-2023-101215,2023-11-03,2023-11-09,Second Class,Barbara Lopez,Corporate,West,Arizona,Tucson,Furniture,Chairs,Ergonomic Office Chair,3,0.1,255.39,2.89
US-2023-101349,2023-11-03,2023-11-06,Standard Class,Patricia Martinez,Home Office,East,Virginia,Richmond,Office Supplies,Binders,3-Ring Binder,3,0.3,117.95,21.33
US-2023-100093,2023-11-03,2023-11-08,Same Day,Jessica Smith,Consumer,South,Georgia,Atlanta,Office Supplies,Labels,Shipping Labels,6,0.15,160.97,8.85
US-2023-100783,2023-11-04,2023-11-07,Standard Class,Nancy Brown,Corporate,West,Oregon,Eugene,Technology,Copiers,Multifunction Printer,7,0.3,3697.2,584.4
US-2023-100368,2023-11-04,2023-11-11,Standard Class,Anthony Taylor,Consumer,South,Alabama,Birmingham,Office Supplies,Storage,Filing Cabinet,7,0.15,308.75,40.16
US-2023-100266,2023-11-04,2023-11-05,Standard Class,Daniel Williams,Home Office,West,Nevada,Reno,Furniture,Bookcases,Corner Bookcase,10,0.2,3166.64,419.16
US-2023-100014,2023-11-04,2023-11-09,Standard Class,Linda Davis,Corporate,East,New Jersey,Jersey City,Furniture,Bookcases,Corner Bookcase,5,0.15,2635.81,-15.49
US-2023-101766,2023-11-04,2023-11-07,Standard Class,Karen Anderson,Corporate,West,California,San Francisco,Office Supplies,Art,Ballpoint Pens (12pk),8,0.1,301.99,95.02
US-2023-100820,2023-11-04,2023-11-08,Standard Class,Linda Jones,Consumer,Central,Wisconsin,Milwaukee,Office Supplies,Binders,View Binder,12,0.2,47.76,14.2
US-2023-101142,2023-11-04,2023-11-10,Second Class,Nancy Moore,Consumer,South,North Carolina,Raleigh,Furniture,Tables,Adjustable Height Desk,9,0.3,505.57,70.9
US-2023-101140,2023-11-05,2023-11-08,Standard Class,Robert Moore,Home Office,West,Nevada,Reno,Office Supplies,Art,Ballpoint Pens (12pk),14,0.0,760.74,41.55
US-2023-101365,2023-11-05,2023-11-09,Standard Class,Matthew Martinez,Corporate,East,Massachusetts,Worcester,Office Supplies,Paper,Sticky Notes,13,0.2,539.36,112.97
US-2023-100575,2023-11-06,2023-11-13,Standard Class,Robert Hernandez,Consumer,South,Tennessee,Nashville,Technology,Phones,Cordless Phone,4,0.3,2118.03,468.38
US-2023-101369,2023-11-06,2023-11-07,First Class,John Brown,Corporate,West,Nevada,Las Vegas,Furniture,Bookcases,5-Shelf Bookcase,7,0.0,3148.38,338.24
US-2023-100346,2023-11-06,2023-11-13,Standard Class,Sarah Garcia,Corporate,South,Alabama,Birmingham,Furniture,Furnishings,Wall Clock,10,0.0,3152.88,-155.87
US-2023-101897,2023-11-06,2023-11-12,First Class,Joseph Smith,Consumer,East,New York,New York City,Office Supplies,Binders,3-Ring Binder,5,0.1,264.7,62.81
US-2023-100483,2023-11-06,2023-11-12,Standard Class,Lisa Jackson,Consumer,Central,Wisconsin,Madison,Technology,Copiers,Desktop Copier,10,0.15,3988.07,779.82
US-2023-101742,2023-11-06,2023-11-13,Standard Class,Linda Jackson,Home Office,West,Arizona,Phoenix,Furniture,Furnishings,Wall Clock,8,0.1,1719.53,130.21
US-2023-100442,2023-11-06,2023-11-12,Second Class,Daniel Williams,Consumer,East,New York,New York City,Furniture,Chairs,Mesh Task Chair,14,0.15,8395.75,-153.57
US-2023-100361,2023-11-07,2023-11-13,Standard Class,Thomas Garcia,Consumer,South,Tennessee,Memphis,Technology,Copiers,Multifunction Printer,3,0.1,2341.97,353.24
US-2023-100178,2023-11-07,2023-11-10,Standard Class,John Thomas,Home Office,South,North Carolina,Charlotte,Furniture,Furnishings,Wall Clock,5,0.4,2303.97,5.6
US-2023-100393,2023-11-07,2023-11-12,Second Class,Lisa Jackson,Home Office,West,Washington,Spokane,Office Supplies,Art,Highlighters,14,0.15,272.78,38.41
US-2023-101193,2023-11-08,2023-11-11,Standard Class,Joseph Smith,Consumer,South,Tennessee,Memphis,Office Supplies,Storage,Storage Box,4,0.15,59.01,15.75
US-2023-101085,2023-11-09,2023-11-15,Standard Class,Linda Davis,Consumer,East,New York,Albany,Furniture,Furnishings,Desk Lamp,2,0.0,196.39,34.11
US-2023-101425,2023-11-09,2023-11-12,Standard Class,John Brown,Home Office,Central,Michigan,Detroit,Technology,Copiers,Multifunction Printer,13,0.0,874.91,156.15
US-2023-100630,2023-11-10,2023-11-13,First Class,Thomas Rodriguez,Home Office,East,New Jersey,Newark,Technology,Machines,Laminator,10,0.15,5835.26,-355.19
US-2023-100033,2023-11-11,2023-11-16,Standard Class,Richard Brown,Home Office,East,Massachusetts,Boston,Office Supplies,Paper,Colored Cardstock,12,0.1,598.64,102.22
US-2023-100167,2023-11-11,2023-11-17,First Class,Linda Hernandez,Corporate,South,North Carolina,Charlotte,Technology,Machines,Label Printer,12,0.2,308.19,59.45
US-2023-101729,2023-11-11,2023-11-15,Standard Class,Joseph Jackson,Consumer,West,Oregon,Portland,Technology,Phones,Smartphone X200,1,0.1,107.16,-9.81
US-2023-100321,2023-11-12,2023-11-16,First Class,Joseph Smith,Consumer,East,Pennsylvania,Philadelphia,Furniture,Tables,Adjustable Height Desk,9,0.0,7835.05,219.66
US-2023-100293,2023-11-12,2023-11-18,Standard Class,David Smith,Corporate,Central,Texas,Dallas,Technology,Accessories,Laptop Sleeve,14,0.1,6479.27,1692.88
US-2023-101113,2023-11-14,2023-11-16,Second Class,Michael Davis,Home Office,West,Nevada,Reno,Technology,Accessories,Laptop Sleeve,4,0.0,2949.53,-1.31
US-2023-100412,2023-11-14,2023-11-19,Standard Class,Karen Anderson,Home Office,East,Pennsylvania,Pittsburgh,Furniture,Bookcases,5-Shelf Bookcase,8,0.2,5223.94,466.57
US-2023-101575,2023-11-14,2023-11-16,Standard Class,Anthony Williams,Corporate,East,New York,Buffalo,Office Supplies,Art,Markers Set,5,0.1,131.08,20.15
US-2023-100369,2023-11-14,2023-11-18,Standard Class,Sarah Garcia,Consumer,East,New Jersey,Newark,Office Supplies,Binders,3-Ring Binder,8,0.0,218.37,19.86
US-2023-101841,2023-11-14,2023-11-19,Standard Class,David Taylor,Corporate,South,Florida,Tampa,Office Supplies,Storage,Filing Cabinet,12,0.2,276.36,50.0
US-2023-101997,2023-11-15,2023-11-18,Standard Class,Matthew Hernandez,Home Office,South,Tennessee,Memphis,Technology,Phones,Smartphone X200,7,0.15,4408.07,932.05
US-2023-101775,2023-11-15,2023-11-20,Standard Class,Joseph Smith,Consumer,South,Florida,Tampa,Office Supplies,Art,Ballpoint Pens (12pk),3,0.2,33.2,7.22
US-2023-101299,2023-11-16,2023-11-20,First Class,Richard Gonzalez,Home Office,West,Nevada,Las Vegas,Office Supplies,Paper,Colored Cardstock,10,0.3,353.41,66.46
US-2023-101377,2023-11-16,2023-11-18,First Class,Nancy Moore,Consumer,Central,Wisconsin,Madison,Office Supplies,Art,Ballpoint Pens (12pk),1,0.2,45.17,5.59
US-2023-100629,2023-11-16,2023-11-22,Standard Class,Chris Brown,Consumer,East,Pennsylvania,Pittsburgh,Furniture,Furnishings,Desk Lamp,4,0.0,909.54,85.26
US-2023-100356,2023-11-16,2023-11-22,Standard Class,Jessica Smith,Consumer,Central,Wisconsin,Milwaukee,Furniture,Furnishings,Desk Lamp,14,0.3,4242.64,-27.91
US-2023-100703,2023-11-16,2023-11-18,Second Class,Thomas Brown,Consumer,South,Tennessee,Memphis,Office Supplies,Storage,Storage Box,12,0.1,622.49,184.71
US-2023-100429,2023-11-17,2023-11-24,First Class,Linda Hernandez,Home Office,South,Florida,Tampa,Office Supplies,Binders,3-Ring Binder,12,0.1,101.49,24.14
US-2023-100195,2023-11-17,2023-11-21,Standard Class,Margaret Martinez,Home Office,Central,Michigan,Ann Arbor,Furniture,Tables,Round Conference Table,12,0.0,1888.28,-34.31
US-2023-100383,2023-11-17,2023-11-21,First Class,Thomas Thomas,Home Office,Central,Michigan,Ann Arbor,Office Supplies,Storage,Storage Bin,3,0.0,179.05,44.27
US-2023-101501,2023-11-17,2023-11-20,Standard Class,Linda Jackson,Corporate,West,California,Los Angeles,Office Supplies,Art,Markers Set,8,0.2,324.39,112.36
US-2023-100013,2023-11-18,2023-11-22,Standard Class,Karen Hernandez,Consumer,West,Oregon,Portland,Office Supplies,Storage,Storage Box,10,0.0,87.07,15.74
US-2023-100265,2023-11-19,2023-11-20,Standard Class,Sandra Moore,Consumer,West,Oregon,Portland,Office Supplies,Storage,Storage Box,13,0.15,464.14,152.13
US-2023-101922,2023-11-20,2023-11-23,Standard Class,Richard Gonzalez,Consumer,Central,Michigan,Ann Arbor,Office Supplies,Paper,Sticky Notes,1,0.1,13.7,1.26
US-2023-100456,2023-11-20,2023-11-21,Standard Class,Lisa Rodriguez,Consumer,South,Tennessee,Nashville,Office Supplies,Binders,View Binder,7,0.0,103.36,6.53
US-2023-100349,2023-11-20,2023-11-27,Standard Class,Nancy Rodriguez,Corporate,Central,Michigan,Detroit,Office Supplies,Paper,Copy Paper 500ct,14,0.15,231.6,51.88
US-2023-101884,2023-11-20,2023-11-23,Second Class,James Williams,Home Office,West,Washington,Spokane,Technology,Copiers,Multifunction Printer,8,0.2,3805.08,-273.27
US-2023-101670,2023-11-20,2023-11-23,Standard Class,Susan Johnson,Consumer,East,Pennsylvania,Philadelphia,Office Supplies,Art,Highlighters,10,0.3,213.34,67.67
US-2023-100364,2023-11-21,2023-11-25,Standard Class,Linda Davis,Consumer,West,Nevada,Reno,Office Supplies,Art,Markers Set,10,0.0,352.07,53.09
US-2023-100633,2023-11-21,2023-11-26,Standard Class,Thomas Thomas,Consumer,West,Washington,Spokane,Office Supplies,Art,Highlighters,2,0.3,71.19,18.75
US-2023-100097,2023-11-21,2023-11-25,Second Class,Lisa Jackson,Corporate,East,New Jersey,Jersey City,Office Supplies,Storage,Filing Cabinet,6,0.0,337.2,71.81
US-2023-101128,2023-11-21,2023-11-28,Second Class,Sarah Smith,Corporate,West,Oregon,Eugene,Technology,Copiers,Desktop Copier,4,0.0,2811.62,526.74
US-2023-101934,2023-11-21,2023-11-26,First Class,Richard Lopez,Consumer,South,Florida,Tampa,Office Supplies,Storage,Filing Cabinet,3,0.1,25.33,3.32
US-2023-100618,2023-11-22,2023-11-26,Standard Class,Margaret Martinez,Corporate,West,Oregon,Eugene,Office Supplies,Art,Ballpoint Pens (12pk),7,0.0,186.63,21.59
US-2023-100219,2023-11-22,2023-11-26,Standard Class,Betty Johnson,Consumer,South,North Carolina,Raleigh,Furniture,Tables,Round Conference Table,8,0.0,2686.49,215.94
US-2023-101311,2023-11-23,2023-11-27,Same Day,Matthew Rodriguez,Consumer,East,Massachusetts,Worcester,Technology,Phones,Smartphone X200,4,0.0,1094.9,78.99
US-2023-100296,2023-11-23,2023-11-30,Standard Class,Margaret Brown,Consumer,Central,Texas,Austin,Technology,Accessories,USB-C Hub,8,0.0,1714.16,-104.73
US-2023-101818,2023-11-24,2023-11-30,First Class,Matthew Miller,Home Office,Central,Ohio,Columbus,Office Supplies,Paper,Colored Cardstock,1,0.1,8.57,0.86
US-2023-100153,2023-11-24,2023-11-27,Standard Class,Sandra Smith,Consumer,East,Pennsylvania,Philadelphia,Office Supplies,Art,Ballpoint Pens (12pk),14,0.3,231.5,67.44
US-2023-100115,2023-11-24,2023-11-26,Same Day,Lisa Moore,Consumer,Central,Michigan,Ann Arbor,Office Supplies,Art,Markers Set,6,0.2,22.33,4.82
US-2023-101329,2023-11-24,2023-11-30,Standard Class,Daniel Williams,Consumer,West,Oregon,Portland,Furniture,Furnishings,Wall Clock,10,0.1,4821.91,749.1
US-2023-101589,2023-11-25,2023-11-27,First Class,Daniel Wilson,Home Office,South,North Carolina,Charlotte,Furniture,Tables,Adjustable Height Desk,9,0.1,5934.54,503.65
US-2023-101375,2023-11-25,2023-11-29,First Class,Joseph Smith,Corporate,East,Massachusetts,Worcester,Furniture,Chairs,Mesh Task Chair,9,0.15,812.07,-11.49
US-2023-101244,2023-11-26,2023-11-28,First Class,Susan Jackson,Consumer,West,Oregon,Portland,Furniture,Chairs,Executive Leather Chair,11,0.15,7186.76,359.33
US-2023-100864,2023-11-26,2023-11-30,Second Class,James Moore,Consumer,East,New York,Albany,Furniture,Furnishings,Desk Lamp,3,0.0,1896.97,-89.82
US-2023-100473,2023-11-26,2023-11-27,Standard Class,Susan Garcia,Consumer,East,New Jersey,Jersey City,Office Supplies,Art,Highlighters,11,0.0,51.19,11.88
US-2023-100768,2023-11-27,2023-12-01,Standard Class,Barbara Miller,Home Office,East,Massachusetts,Boston,Furniture,Tables,Round Conference Table,13,0.0,7706.89,-343.67
US-2023-100426,2023-11-27,2023-12-01,Second Class,Sandra Moore,Corporate,Central,Wisconsin,Madison,Furniture,Furnishings,Floor Mat,14,0.1,11288.21,374.07
US-2023-101540,2023-11-27,2023-12-04,Second Class,Richard Brown,Consumer,West,California,Los Angeles,Technology,Accessories,Wireless Mouse,3,0.1,422.82,114.93
US-2023-100687,2023-11-27,2023-12-01,Standard Class,Robert Moore,Home Office,South,Florida,Orlando,Office Supplies,Binders,Heavy-Duty Binder,3,0.0,44.78,11.18
US-2023-100386,2023-11-28,2023-11-30,First Class,Joseph Jackson,Consumer,South,Florida,Orlando,Furniture,Chairs,Ergonomic Office Chair,1,0.1,115.28,19.56
US-2023-101002,2023-11-29,2023-11-30,Same Day,Linda Davis,Consumer,South,Georgia,Atlanta,Office Supplies,Binders,Heavy-Duty Binder,1,0.15,36.2,11.47
US-2023-101289,2023-11-29,2023-11-30,Standard Class,Daniel Williams,Consumer,South,Alabama,Birmingham,Office Supplies,Binders,View Binder,3,0.0,50.66,11.83
US-2023-101566,2023-11-30,2023-12-05,Standard Class,Sarah Taylor,Home Office,East,New York,New York City,Technology,Copiers,Desktop Copier,7,0.2,6401.71,507.98
US-2023-101626,2023-12-01,2023-12-05,Standard Class,John Thomas,Corporate,West,California,Los Angeles,Office Supplies,Binders,Heavy-Duty Binder,2,0.15,86.82,29.55
US-2023-100555,2023-12-01,2023-12-06,Standard Class,Nancy Brown,Consumer,West,Nevada,Reno,Furniture,Bookcases,Corner Bookcase,7,0.2,1448.13,119.36
US-2023-100770,2023-12-01,2023-12-04,Standard Class,Lisa Anderson,Corporate,Central,Wisconsin,Madison,Office Supplies,Paper,Copy Paper 500ct,7,0.15,110.39,22.47
US-2023-101898,2023-12-01,2023-12-06,Standard Class,Thomas Brown,Corporate,East,Massachusetts,Boston,Technology,Phones,Smartphone X200,2,0.15,594.22,11.33
US-2023-101003,2023-12-03,2023-12-10,Second Class,John Miller,Corporate,West,California,San Francisco,Technology,Copiers,Desktop Copier,5,0.15,2062.13,112.03
US-2023-100710,2023-12-03,2023-12-04,Standard Class,Patricia Martinez,Consumer,South,Alabama,Birmingham,Technology,Copiers,Desktop Copier,5,0.2,3531.99,108.57
US-2023-100558,2023-12-04,2023-12-10,Standard Class,Mary Davis,Consumer,West,California,San Francisco,Technology,Phones,Smartphone X200,10,0.3,5932.06,126.63
US-2023-101581,2023-12-04,2023-12-09,First Class,Sandra Gonzalez,Home Office,West,California,San Diego,Furniture,Bookcases,5-Shelf Bookcase,9,0.0,7987.0,657.31
US-2023-100057,2023-12-04,2023-12-10,Same Day,Karen Williams,Consumer,South,Florida,Tampa,Technology,Accessories,Laptop Sleeve,2,0.1,2036.02,18.93
US-2023-100985,2023-12-04,2023-12-10,First Class,Robert Davis,Consumer,East,New York,Buffalo,Technology,Copiers,Desktop Copier,10,0.3,2924.23,704.2
US-2023-101497,2023-12-05,2023-12-08,Second Class,Linda Hernandez,Home Office,West,Arizona,Tucson,Technology,Phones,Smartphone X200,13,0.1,12196.79,-222.59
US-2023-100099,2023-12-05,2023-12-11,Standard Class,Richard Rodriguez,Corporate,East,Pennsylvania,Philadelphia,Office Supplies,Labels,Address Labels,8,0.15,317.59,54.65
US-2023-100299,2023-12-05,2023-12-12,Second Class,Thomas Brown,Consumer,South,Georgia,Atlanta,Furniture,Bookcases,Corner Bookcase,14,0.1,10095.36,311.25
US-2023-101661,2023-12-05,2023-12-12,Second Class,Matthew Garcia,Consumer,West,Washington,Spokane,Office Supplies,Paper,Colored Cardstock,2,0.15,47.82,16.29
US-2023-100214,2023-12-06,2023-12-07,Standard Class,Sarah Taylor,Corporate,East,Virginia,Arlington,Office Supplies,Binders,Heavy-Duty Binder,2,0.0,24.65,7.97
US-2023-100460,2023-12-06,2023-12-09,Standard Class,Karen Hernandez,Corporate,Central,Texas,Austin,Technology,Copiers,Multifunction Printer,4,0.4,2648.84,-40.98
US-2023-100130,2023-12-06,2023-12-13,Second Class,Betty Hernandez,Home Office,East,New Jersey,Newark,Office Supplies,Binders,Heavy-Duty Binder,7,0.2,43.23,11.08
US-2023-100171,2023-12-06,2023-12-08,Standard Class,Susan Davis,Home Office,South,Florida,Orlando,Technology,Accessories,Laptop Sleeve,4,0.1,4006.52,-254.62
US-2023-100168,2023-12-06,2023-12-12,Same Day,John Miller,Corporate,West,Washington,Spokane,Technology,Accessories,Laptop Sleeve,2,0.3,317.0,45.29
US-2023-100787,2023-12-06,2023-12-10,Standard Class,Nancy Brown,Home Office,West,Arizona,Tucson,Furniture,Furnishings,Wall Clock,2,0.1,1146.45,8.35
US-2023-100186,2023-12-06,2023-12-09,Standard Class,Joseph Taylor,Home Office,East,New Jersey,Newark,Office Supplies,Paper,Sticky Notes,5,0.0,144.49,32.38
US-2023-101921,2023-12-06,2023-12-11,First Class,Linda Jones,Home Office,South,North Carolina,Charlotte,Office Supplies,Binders,View Binder,4,0.15,27.71,4.64
US-2023-101334,2023-12-07,2023-12-12,Standard Class,John Thomas,Home Office,Central,Ohio,Columbus,Office Supplies,Paper,Colored Cardstock,14,0.4,254.52,31.53
US-2023-101460,2023-12-07,2023-12-12,Standard Class,Thomas Thomas,Consumer,West,Oregon,Portland,Office Supplies,Paper,Sticky Notes,4,0.3,73.99,24.06
US-2023-101488,2023-12-08,2023-12-14,Standard Class,Matthew Moore,Consumer,South,North Carolina,Charlotte,Office Supplies,Storage,Storage Bin,11,0.3,125.26,11.15
US-2023-101520,2023-12-08,2023-12-15,Standard Class,Sandra Moore,Corporate,West,Oregon,Portland,Technology,Accessories,USB-C Hub,4,0.1,3454.69,-208.51
US-2023-101198,2023-12-08,2023-12-15,Standard Class,Robert Williams,Home Office,West,Washington,Spokane,Technology,Phones,Smartphone X200,10,0.15,6338.64,-49.21
US-2023-100844,2023-12-08,2023-12-11,Standard Class,Thomas Garcia,Home Office,Central,Texas,Dallas,Technology,Phones,Cordless Phone,12,0.15,11631.17,910.78
US-2023-100772,2023-12-08,2023-12-10,First Class,Matthew Miller,Consumer,East,Virginia,Arlington,Furniture,Chairs,Stackable Chair,8,0.4,4105.48,362.99
US-2023-101913,2023-12-09,2023-12-16,Standard Class,Linda Jackson,Consumer,West,California,San Diego,Office Supplies,Paper,Copy Paper 500ct,10,0.0,410.53,32.29
US-2023-101001,2023-12-09,2023-12-10,Standard Class,Daniel Williams,Home Office,East,New Jersey,Newark,Office Supplies,Storage,Filing Cabinet,8,0.1,401.52,60.5
US-2023-100990,2023-12-10,2023-12-15,First Class,Richard Rodriguez,Home Office,West,Arizona,Phoenix,Technology,Machines,Label Printer,6,0.0,3596.34,307.65
US-2023-101395,2023-12-10,2023-12-15,First Class,Sarah Rodriguez,Consumer,Central,Illinois,Springfield,Office Supplies,Paper,Copy Paper 500ct,1,0.3,14.81,2.89
US-2023-101328,2023-12-10,2023-12-16,Same Day,Mark Hernandez,Consumer,East,New York,Buffalo,Furniture,Tables,Round Conference Table,12,0.0,10219.2,1442.1
US-2023-100101,2023-12-10,2023-12-13,Second Class,Joseph Jackson,Consumer,West,Nevada,Reno,Furniture,Bookcases,5-Shelf Bookcase,8,0.3,4988.72,727.07
US-2023-100313,2023-12-10,2023-12-13,Second Class,Matthew Martinez,Corporate,Central,Wisconsin,Milwaukee,Furniture,Bookcases,Corner Bookcase,5,0.1,3302.76,347.84
US-2023-100190,2023-12-12,2023-12-16,Standard Class,Robert Johnson,Consumer,Central,Illinois,Chicago,Technology,Machines,Laminator,11,0.1,10737.73,2672.81
US-2023-100142,2023-12-12,2023-12-17,Standard Class,Margaret Brown,Consumer,Central,Texas,Austin,Office Supplies,Art,Ballpoint Pens (12pk),10,0.3,360.08,22.97
US-2023-101684,2023-12-12,2023-12-17,Same Day,Matthew Moore,Consumer,West,Oregon,Eugene,Office Supplies,Binders,Heavy-Duty Binder,7,0.1,280.98,16.31
US-2023-100203,2023-12-13,2023-12-14,First Class,Sarah Taylor,Consumer,Central,Wisconsin,Milwaukee,Furniture,Furnishings,Desk Lamp,13,0.15,4510.11,575.46
US-2023-100725,2023-12-13,2023-12-15,Second Class,Michael Davis,Home Office,East,Virginia,Arlington,Technology,Copiers,Multifunction Printer,6,0.2,2900.15,792.59
US-2023-100297,2023-12-13,2023-12-18,Standard Class,Matthew Rodriguez,Consumer,Central,Wisconsin,Madison,Office Supplies,Storage,Storage Bin,8,0.0,29.45,2.23
US-2023-101407,2023-12-13,2023-12-16,Second Class,Karen Williams,Consumer,West,California,San Francisco,Office Supplies,Art,Ballpoint Pens (12pk),4,0.4,73.77,4.95
US-2023-101258,2023-12-13,2023-12-18,Standard Class,Betty Wilson,Consumer,West,Washington,Seattle,Technology,Copiers,Desktop Copier,1,0.15,265.14,-23.25
US-2023-100382,2023-12-14,2023-12-18,Standard Class,Susan Jackson,Consumer,South,North Carolina,Charlotte,Technology,Phones,Phone Case,3,0.0,1609.58,144.38
US-2023-101552,2023-12-14,2023-12-21,Standard Class,Robert Moore,Corporate,East,New York,Albany,Office Supplies,Labels,Shipping Labels,13,0.1,331.35,86.08
US-2023-101283,2023-12-14,2023-12-16,Standard Class,Charles Davis,Consumer,South,Florida,Miami,Furniture,Chairs,Executive Leather Chair,5,0.1,331.55,39.95
US-2023-100745,2023-12-14,2023-12-15,Second Class,Joseph Taylor,Home Office,Central,Ohio,Columbus,Office Supplies,Binders,View Binder,6,0.1,53.06,18.46
US-2023-101815,2023-12-15,2023-12-19,Second Class,Linda Jones,Home Office,South,Georgia,Atlanta,Technology,Copiers,Desktop Copier,9,0.15,5965.44,1117.63
US-2023-101961,2023-12-15,2023-12-22,Second Class,Karen Rodriguez,Consumer,Central,Ohio,Cleveland,Technology,Phones,Cordless Phone,7,0.2,3703.8,920.07
US-2023-101169,2023-12-15,2023-12-17,Standard Class,Michael Thomas,Consumer,South,Alabama,Montgomery,Technology,Phones,Phone Case,6,0.3,237.22,51.74
US-2023-101788,2023-12-15,2023-12-17,Standard Class,Lisa Anderson,Consumer,East,Pennsylvania,Philadelphia,Technology,Accessories,USB-C Hub,6,0.1,375.84,50.86
US-2023-101284,2023-12-16,2023-12-20,First Class,Patricia Williams,Home Office,East,Pennsylvania,Pittsburgh,Technology,Machines,Label Printer,12,0.2,5810.72,1426.05
US-2023-100699,2023-12-16,2023-12-23,First Class,Daniel Williams,Consumer,South,Florida,Tampa,Office Supplies,Labels,Shipping Labels,14,0.15,402.65,82.83
US-2023-100253,2023-12-17,2023-12-21,Standard Class,Sandra Gonzalez,Consumer,Central,Michigan,Detroit,Technology,Phones,Smartphone X200,5,0.15,1974.27,365.67
US-2023-101461,2023-12-17,2023-12-18,Standard Class,Nancy Rodriguez,Corporate,West,Washington,Spokane,Technology,Accessories,Laptop Sleeve,8,0.2,4686.29,-349.73
US-2023-100238,2023-12-17,2023-12-18,Standard Class,Patricia Lopez,Consumer,South,North Carolina,Charlotte,Technology,Machines,Label Printer,9,0.3,2794.93,446.02
US-2023-101209,2023-12-17,2023-12-24,Standard Class,Mary Davis,Consumer,West,Arizona,Tucson,Office Supplies,Art,Ballpoint Pens (12pk),14,0.0,499.54,67.69
US-2023-100132,2023-12-18,2023-12-24,Standard Class,Susan Miller,Home Office,West,Nevada,Reno,Office Supplies,Storage,Storage Box,2,0.0,23.07,2.26
US-2023-101072,2023-12-18,2023-12-22,Second Class,Karen Miller,Home Office,East,New Jersey,Newark,Furniture,Bookcases,5-Shelf Bookcase,7,0.1,4390.66,527.25
US-2023-101362,2023-12-19,2023-12-23,Standard Class,Nancy Rodriguez,Consumer,South,North Carolina,Charlotte,Technology,Copiers,Desktop Copier,13,0.0,11004.64,2641.35
US-2023-101903,2023-12-19,2023-12-22,Standard Class,William Rodriguez,Consumer,Central,Texas,Houston,Technology,Copiers,Desktop Copier,3,0.2,253.77,39.32
US-2023-101015,2023-12-19,2023-12-26,Standard Class,Matthew Moore,Home Office,Central,Ohio,Cleveland,Technology,Accessories,Wireless Mouse,3,0.0,111.48,16.26
US-2023-101551,2023-12-20,2023-12-21,First Class,Matthew Garcia,Corporate,West,Nevada,Reno,Office Supplies,Storage,Filing Cabinet,1,0.3,31.22,2.97
US-2023-100646,2023-12-21,2023-12-25,First Class,Matthew Moore,Consumer,East,Pennsylvania,Pittsburgh,Technology,Phones,Smartphone X200,7,0.3,992.57,-10.17
US-2023-101599,2023-12-21,2023-12-25,Standard Class,Robert Johnson,Corporate,West,Nevada,Las Vegas,Office Supplies,Paper,Copy Paper 500ct,6,0.2,69.16,8.48
US-2023-101005,2023-12-22,2023-12-29,Same Day,Robert Hernandez,Home Office,South,Florida,Miami,Office Supplies,Storage,Storage Box,11,0.3,278.09,50.45
US-2023-100778,2023-12-22,2023-12-29,Standard Class,John Davis,Consumer,Central,Michigan,Detroit,Office Supplies,Storage,Filing Cabinet,5,0.15,174.31,58.99
US-2023-100718,2023-12-22,2023-12-26,Second Class,James Williams,Corporate,South,Tennessee,Memphis,Furniture,Tables,Round Conference Table,14,0.4,5487.72,74.09
US-2023-101858,2023-12-22,2023-12-28,Standard Class,Robert Johnson,Corporate,West,Oregon,Portland,Furniture,Bookcases,5-Shelf Bookcase,11,0.0,860.53,1.27
US-2023-101935,2023-12-23,2023-12-28,Standard Class,Elizabeth Martin,Consumer,Central,Texas,Houston,Technology,Accessories,Wireless Mouse,1,0.15,758.26,73.39
US-2023-100267,2023-12-23,2023-12-30,First Class,Daniel Williams,Corporate,West,Arizona,Tucson,Furniture,Furnishings,Desk Lamp,7,0.0,2869.15,287.31
US-2023-101060,2023-12-23,2023-12-25,First Class,Thomas Thomas,Consumer,West,Washington,Seattle,Technology,Phones,Cordless Phone,5,0.1,2085.91,-108.99
US-2023-100581,2023-12-24,2023-12-30,First Class,Sarah Brown,Corporate,South,Tennessee,Memphis,Furniture,Tables,Adjustable Height Desk,9,0.1,3143.81,362.85
US-2023-101207,2023-12-25,2023-12-26,Standard Class,Daniel Martinez,Corporate,Central,Michigan,Detroit,Technology,Copiers,Desktop Copier,13,0.15,9760.72,2298.75
US-2023-100058,2023-12-25,2024-01-01,Standard Class,Joseph Jackson,Corporate,Central,Michigan,Detroit,Office Supplies,Paper,Copy Paper 500ct,9,0.2,332.86,113.96
US-2023-100923,2023-12-25,2023-12-29,Standard Class,Karen Rodriguez,Corporate,West,Arizona,Phoenix,Technology,Copiers,Desktop Copier,8,0.15,3093.52,704.83
US-2023-100344,2023-12-26,2023-12-29,Standard Class,Sarah Davis,Consumer,West,Oregon,Eugene,Furniture,Furnishings,Wall Clock,8,0.1,5719.78,1019.82
US-2023-101129,2023-12-26,2023-12-27,First Class,Mark Martinez,Corporate,West,Arizona,Phoenix,Furniture,Bookcases,Corner Bookcase,14,0.1,8237.96,1279.64
US-2023-101817,2023-12-26,2023-12-31,First Class,Daniel Martinez,Consumer,South,Georgia,Atlanta,Office Supplies,Art,Highlighters,7,0.1,304.37,50.58
US-2023-101481,2023-12-26,2023-12-28,Standard Class,Linda Jones,Corporate,Central,Wisconsin,Milwaukee,Technology,Copiers,Desktop Copier,1,0.3,651.45,28.27
US-2023-101596,2023-12-27,2023-12-31,Standard Class,Sarah Brown,Consumer,West,Arizona,Phoenix,Technology,Machines,Laminator,5,0.2,3523.07,-285.75
US-2023-101040,2023-12-27,2024-01-03,Second Class,Matthew Rodriguez,Consumer,West,Arizona,Phoenix,Office Supplies,Art,Ballpoint Pens (12pk),14,0.0,201.13,56.57
US-2023-101096,2023-12-27,2024-01-02,Standard Class,Karen Williams,Corporate,South,Florida,Tampa,Furniture,Furnishings,Wall Clock,10,0.4,4647.07,-25.49
US-2023-101803,2023-12-28,2024-01-01,First Class,Linda Johnson,Consumer,South,North Carolina,Charlotte,Office Supplies,Paper,Colored Cardstock,1,0.2,46.47,16.16
US-2023-100805,2023-12-28,2024-01-01,Standard Class,Barbara Miller,Corporate,East,New Jersey,Newark,Technology,Copiers,Desktop Copier,5,0.15,1275.63,325.8
US-2023-100496,2023-12-28,2023-12-29,First Class,Linda Jones,Consumer,West,Arizona,Tucson,Technology,Accessories,Wireless Mouse,7,0.0,8152.08,1820.32
US-2023-100837,2023-12-28,2023-12-30,Standard Class,Michael Moore,Corporate,South,Alabama,Birmingham,Office Supplies,Labels,Shipping Labels,7,0.0,235.39,68.57
US-2023-101252,2023-12-29,2024-01-03,Standard Class,Anthony Williams,Corporate,West,Oregon,Eugene,Office Supplies,Storage,Storage Box,1,0.2,26.87,8.56
US-2023-101731,2023-12-29,2024-01-04,Standard Class,Richard Gonzalez,Consumer,West,Oregon,Portland,Furniture,Bookcases,Corner Bookcase,7,0.0,5053.02,-152.43
US-2023-101598,2023-12-29,2024-01-02,Standard Class,Joseph Lopez,Home Office,South,Tennessee,Memphis,Furniture,Bookcases,Corner Bookcase,1,0.1,319.43,57.27
US-2023-100679,2023-12-29,2024-01-05,Standard Class,Karen Hernandez,Consumer,South,North Carolina,Charlotte,Technology,Copiers,Multifunction Printer,12,0.2,6614.83,-522.46
US-2023-100381,2023-12-29,2024-01-03,Standard Class,Robert Hernandez,Consumer,South,Alabama,Montgomery,Furniture,Chairs,Executive Leather Chair,11,0.0,9597.02,80.05
US-2023-101939,2023-12-29,2024-01-04,First Class,Daniel Williams,Consumer,West,Washington,Seattle,Furniture,Bookcases,5-Shelf Bookcase,4,0.0,2266.26,321.33
US-2023-100306,2023-12-30,2024-01-01,First Class,Anthony Johnson,Consumer,South,Tennessee,Memphis,Office Supplies,Art,Highlighters,3,0.2,5.83,0.76
US-2023-101202,2023-12-30,2023-12-31,Standard Class,Daniel Williams,Consumer,East,New Jersey,Newark,Furniture,Chairs,Executive Leather Chair,6,0.0,834.2,81.05
US-2023-100955,2023-12-30,2024-01-01,Standard Class,Sarah Smith,Corporate,East,Massachusetts,Worcester,Office Supplies,Art,Highlighters,12,0.15,555.63,98.98
US-2023-100511,2023-12-31,2024-01-02,Second Class,James Rodriguez,Home Office,Central,Illinois,Springfield,Technology,Machines,Laminator,12,0.1,12601.2,2477.33
US-2023-101800,2023-12-31,2024-01-07,Second Class,John Lopez,Consumer,Central,Illinois,Springfield,Office Supplies,Labels,Shipping Labels,9,0.1,310.72,102.47
US-2023-101517,2023-12-31,2024-01-07,Standard Class,Richard Rodriguez,Consumer,West,California,San Diego,Office Supplies,Art,Markers Set,6,0.0,136.65,23.37
US-2023-100762,2023-12-31,2024-01-07,Second Class,Nancy Rodriguez,Consumer,East,New Jersey,Newark,Office Supplies,Binders,View Binder,10,0.0,104.75,24.24
US-2024-101686,2024-01-01,2024-01-08,Standard Class,Charles Miller,Consumer,Central,Ohio,Cleveland,Technology,Machines,Paper Shredder,10,0.2,2202.27,324.43
US-2024-101280,2024-01-01,2024-01-07,First Class,Thomas Garcia,Consumer,South,Georgia,Atlanta,Technology,Accessories,Laptop Sleeve,14,0.2,11907.33,88.53
US-2024-100854,2024-01-01,2024-01-02,Second Class,Richard Gonzalez,Home Office,South,North Carolina,Raleigh,Office Supplies,Art,Highlighters,7,0.0,93.69,17.93
US-2024-101662,2024-01-01,2024-01-04,Second Class,Matthew Garcia,Home Office,South,Tennessee,Nashville,Office Supplies,Labels,Shipping Labels,6,0.3,118.38,7.37
US-2024-101321,2024-01-01,2024-01-07,Second Class,Mark Martinez,Consumer,South,Georgia,Savannah,Technology,Copiers,Desktop Copier,11,0.15,3943.65,632.63
US-2024-100053,2024-01-02,2024-01-09,Standard Class,James Rodriguez,Corporate,Central,Illinois,Chicago,Office Supplies,Paper,Copy Paper 500ct,13,0.0,270.12,56.14
US-2024-101431,2024-01-02,2024-01-05,First Class,Sarah Davis,Corporate,West,Arizona,Phoenix,Office Supplies,Binders,View Binder,13,0.3,381.66,73.34
US-2024-100136,2024-01-03,2024-01-04,Standard Class,Susan Johnson,Consumer,East,Virginia,Richmond,Office Supplies,Paper,Copy Paper 500ct,8,0.1,354.83,90.63
US-2024-101147,2024-01-03,2024-01-06,Standard Class,James Rodriguez,Home Office,East,New York,New York City,Furniture,Furnishings,Floor Mat,1,0.0,798.07,60.79
US-2024-101008,2024-01-03,2024-01-06,Standard Class,John Garcia,Corporate,Central,Wisconsin,Milwaukee,Technology,Machines,Paper Shredder,13,0.0,10824.44,-945.65
US-2024-101789,2024-01-04,2024-01-10,Standard Class,Patricia Martinez,Consumer,South,Florida,Orlando,Furniture,Bookcases,5-Shelf Bookcase,4,0.0,1350.34,17.02
US-2024-100244,2024-01-04,2024-01-09,Standard Class,Richard Rodriguez,Consumer,East,New York,New York City,Technology,Copiers,Desktop Copier,9,0.0,478.87,-11.68
US-2024-100220,2024-01-04,2024-01-06,Standard Class,Margaret Martin,Corporate,East,New York,Buffalo,Office Supplies,Paper,Sticky Notes,11,0.1,523.88,112.9
US-2024-100521,2024-01-05,2024-01-12,Standard Class,Sarah Davis,Home Office,West,Washington,Seattle,Office Supplies,Art,Ballpoint Pens (12pk),14,0.0,693.04,236.7
US-2024-100709,2024-01-05,2024-01-10,Same Day,Mark Lopez,Consumer,West,Arizona,Phoenix,Office Supplies,Binders,Heavy-Duty Binder,11,0.2,325.78,79.53
US-2024-100180,2024-01-05,2024-01-11,Standard Class,James Jackson,Consumer,West,Washington,Seattle,Technology,Accessories,Wireless Mouse,4,0.15,2111.39,87.7
US-2024-100598,2024-01-06,2024-01-09,Standard Class,Robert Davis,Corporate,Central,Texas,Houston,Technology,Machines,Laminator,11,0.0,10260.03,2233.4
US-2024-101025,2024-01-06,2024-01-09,Standard Class,Linda Johnson,Consumer,South,Tennessee,Nashville,Office Supplies,Art,Ballpoint Pens (12pk),1,0.0,18.64,3.4
US-2024-100466,2024-01-06,2024-01-12,Standard Class,James Jackson,Consumer,Central,Texas,Austin,Office Supplies,Art,Highlighters,12,0.0,509.44,129.56
US-2024-101567,2024-01-06,2024-01-13,First Class,Richard Gonzalez,Home Office,South,Georgia,Savannah,Furniture,Chairs,Stackable Chair,7,0.15,1225.06,49.28
US-2024-100535,2024-01-06,2024-01-13,Standard Class,Matthew Jones,Corporate,South,Georgia,Atlanta,Office Supplies,Binders,Heavy-Duty Binder,7,0.0,100.65,17.8
US-2024-100403,2024-01-06,2024-01-07,Standard Class,Anthony Taylor,Home Office,East,Pennsylvania,Pittsburgh,Office Supplies,Art,Markers Set,8,0.3,14.43,2.08
US-2024-101986,2024-01-07,2024-01-10,Standard Class,John Lopez,Consumer,South,Florida,Tampa,Office Supplies,Paper,Colored Cardstock,8,0.0,56.62,4.35
US-2024-101860,2024-01-08,2024-01-10,Standard Class,Nancy Moore,Corporate,East,Pennsylvania,Philadelphia,Furniture,Chairs,Executive Leather Chair,3,0.3,1189.94,119.58
US-2024-100670,2024-01-08,2024-01-14,Second Class,Mary Davis,Consumer,South,North Carolina,Charlotte,Furniture,Tables,Glass Coffee Table,9,0.15,5249.31,-56.72
US-2024-101844,2024-01-08,2024-01-12,Standard Class,David Taylor,Corporate,Central,Michigan,Detroit,Technology,Machines,Laminator,13,0.4,9287.93,1874.73
US-2024-101978,2024-01-10,2024-01-16,Standard Class,Robert Williams,Consumer,East,New York,New York City,Office Supplies,Art,Ballpoint Pens (12pk),2,0.2,62.03,18.48
US-2024-100148,2024-01-10,2024-01-15,First Class,Robert Miller,Consumer,West,Arizona,Phoenix,Technology,Machines,Label Printer,11,0.0,13037.4,-234.9
US-2024-100092,2024-01-10,2024-01-17,Same Day,Karen Williams,Consumer,Central,Wisconsin,Milwaukee,Furniture,Chairs,Ergonomic Office Chair,3,0.0,681.63,-12.6
US-2024-101707,2024-01-10,2024-01-17,Second Class,David Smith,Consumer,South,Alabama,Birmingham,Office Supplies,Labels,Address Labels,4,0.0,73.01,6.48
US-2024-100047,2024-01-10,2024-01-15,First Class,Richard Lopez,Consumer,East,New York,Buffalo,Office Supplies,Art,Ballpoint Pens (12pk),9,0.2,361.21,105.45
US-2024-101529,2024-01-10,2024-01-14,Standard Class,Jennifer Anderson,Corporate,Central,Illinois,Chicago,Technology,Machines,Paper Shredder,9,0.0,2620.83,45.68
US-2024-101066,2024-01-11,2024-01-12,Standard Class,Anthony Williams,Consumer,East,New York,Buffalo,Furniture,Bookcases,5-Shelf Bookcase,3,0.1,529.39,14.73
US-2024-100335,2024-01-11,2024-01-13,Second Class,Richard Rodriguez,Consumer,West,Arizona,Tucson,Technology,Phones,Cordless Phone,11,0.0,9459.17,-537.74
US-2024-101457,2024-01-11,2024-01-18,Standard Class,John Davis,Home Office,Central,Ohio,Columbus,Furniture,Furnishings,Desk Lamp,6,0.1,2358.99,109.14
US-2024-101944,2024-01-11,2024-01-12,Standard Class,Thomas Garcia,Corporate,Central,Texas,Austin,Office Supplies,Binders,View Binder,2,0.4,28.69,4.45
US-2024-101843,2024-01-12,2024-01-13,Standard Class,Margaret Brown,Consumer,East,Massachusetts,Boston,Technology,Copiers,Multifunction Printer,12,0.3,5130.98,38.53
US-2024-101708,2024-01-12,2024-01-16,Standard Class,Matthew Hernandez,Consumer,South,Georgia,Savannah,Furniture,Bookcases,Corner Bookcase,12,0.4,5975.11,169.36
US-2024-100209,2024-01-12,2024-01-19,Second Class,Joseph Smith,Home Office,West,Oregon,Portland,Office Supplies,Art,Ballpoint Pens (12pk),10,0.4,221.98,22.91
US-2024-100145,2024-01-12,2024-01-15,Standard Class,Barbara Miller,Corporate,South,Georgia,Savannah,Furniture,Furnishings,Desk Lamp,3,0.15,972.79,102.86
US-2024-100079,2024-01-12,2024-01-19,Standard Class,Susan Jackson,Home Office,Central,Ohio,Cleveland,Technology,Copiers,Multifunction Printer,9,0.1,4265.98,49.62
US-2024-100451,2024-01-13,2024-01-14,First Class,Matthew Garcia,Consumer,Central,Texas,Austin,Technology,Accessories,USB-C Hub,13,0.1,4813.79,364.04
US-2024-101869,2024-01-13,2024-01-19,Standard Class,Linda Jackson,Consumer,Central,Illinois,Chicago,Technology,Accessories,Wireless Mouse,5,0.15,390.72,21.15
US-2024-100635,2024-01-13,2024-01-16,Standard Class,Robert Hernandez,Corporate,West,Washington,Spokane,Office Supplies,Paper,Copy Paper 500ct,9,0.0,334.74,21.15
US-2024-101079,2024-01-13,2024-01-18,Standard Class,Lisa Rodriguez,Home Office,South,Florida,Orlando,Office Supplies,Binders,3-Ring Binder,12,0.0,129.03,43.42
US-2024-100141,2024-01-13,2024-01-17,Standard Class,Charles Davis,Corporate,South,Florida,Tampa,Technology,Phones,Cordless Phone,8,0.2,5988.73,912.53
US-2024-100653,2024-01-14,2024-01-17,First Class,Anthony Taylor,Consumer,West,Nevada,Reno,Furniture,Furnishings,Wall Clock,7,0.1,2163.85,-19.24
US-2024-101151,2024-01-14,2024-01-20,Second Class,Joseph Smith,Consumer,South,Florida,Miami,Office Supplies,Binders,View Binder,5,0.2,40.83,2.26
US-2024-101184,2024-01-15,2024-01-22,Second Class,Robert Williams,Consumer,West,Nevada,Las Vegas,Technology,Copiers,Desktop Copier,4,0.1,214.98,17.25
US-2024-101778,2024-01-15,2024-01-16,Second Class,David Taylor,Home Office,East,Massachusetts,Boston,Technology,Accessories,Wireless Mouse,7,0.0,1586.07,-120.35
US-2024-101100,2024-01-15,2024-01-16,First Class,Richard Anderson,Consumer,South,North Carolina,Charlotte,Office Supplies,Art,Ballpoint Pens (12pk),1,0.1,4.2,0.34
US-2024-101082,2024-01-17,2024-01-23,Standard Class,Thomas Martin,Home Office,East,New York,Albany,Furniture,Tables,Round Conference Table,5,0.1,2202.95,-32.29
US-2024-101371,2024-01-18,2024-01-23,Second Class,Sandra Gonzalez,Corporate,East,New York,Buffalo,Furniture,Chairs,Executive Leather Chair,4,0.0,1884.41,185.82
US-2024-100759,2024-01-18,2024-01-25,Standard Class,Karen Garcia,Corporate,East,New Jersey,Jersey City,Technology,Copiers,Desktop Copier,12,0.0,13984.85,-285.38
US-2024-100552,2024-01-18,2024-01-24,Standard Class,Jennifer Anderson,Consumer,South,Alabama,Montgomery,Technology,Phones,Phone Case,14,0.1,875.69,187.52
US-2024-101774,2024-01-18,2024-01-19,Standard Class,Lisa Thomas,Consumer,South,Florida,Tampa,Office Supplies,Labels,Address Labels,6,0.2,169.84,50.95
US-2024-101070,2024-01-18,2024-01-19,Standard Class,Richard Lopez,Corporate,West,California,San Francisco,Technology,Accessories,Laptop Sleeve,8,0.0,8816.49,1718.79
US-2024-100166,2024-01-18,2024-01-24,First Class,Thomas Martin,Home Office,West,California,Los Angeles,Office Supplies,Paper,Copy Paper 500ct,11,0.0,86.46,28.93
US-2024-100411,2024-01-19,2024-01-22,Standard Class,Jennifer Lopez,Corporate,South,Florida,Miami,Office Supplies,Storage,Storage Box,5,0.15,203.53,64.78
US-2024-100183,2024-01-19,2024-01-24,Standard Class,Thomas Garcia,Corporate,South,North Carolina,Charlotte,Office Supplies,Labels,Shipping Labels,11,0.1,182.11,24.21
US-2024-101451,2024-01-19,2024-01-21,Second Class,Joseph Jackson,Consumer,West,California,San Francisco,Office Supplies,Binders,Heavy-Duty Binder,5,0.1,38.41,12.14
US-2024-100584,2024-01-19,2024-01-24,Second Class,Michael Thomas,Consumer,South,Tennessee,Nashville,Furniture,Bookcases,5-Shelf Bookcase,11,0.15,7163.7,264.02
US-2024-100697,2024-01-19,2024-01-25,Standard Class,Sandra Jackson,Corporate,Central,Michigan,Ann Arbor,Office Supplies,Labels,Shipping Labels,3,0.3,118.04,7.6
US-2024-101485,2024-01-19,2024-01-24,Standard Class,Linda Jackson,Consumer,South,Tennessee,Memphis,Technology,Copiers,Multifunction Printer,5,0.2,4523.64,156.4
US-2024-101652,2024-01-20,2024-01-21,Standard Class,Robert Williams,Consumer,West,Oregon,Portland,Furniture,Tables,Round Conference Table,1,0.15,704.61,-23.83
US-2024-101219,2024-01-20,2024-01-21,Standard Class,Linda Johnson,Consumer,West,Oregon,Portland,Office Supplies,Labels,Shipping Labels,9,0.1,412.35,131.47
US-2024-101152,2024-01-20,2024-01-25,Standard Class,Nancy Rodriguez,Consumer,West,California,San Francisco,Furniture,Tables,Adjustable Height Desk,10,0.0,5616.74,241.62
US-2024-100224,2024-01-21,2024-01-27,Standard Class,Barbara Lopez,Consumer,West,Oregon,Portland,Technology,Machines,Paper Shredder,7,0.1,6347.24,610.74
US-2024-100569,2024-01-22,2024-01-28,Standard Class,James Jackson,Consumer,Central,Ohio,Columbus,Office Supplies,Art,Markers Set,2,0.3,74.02,24.98
US-2024-100113,2024-01-22,2024-01-28,Standard Class,Matthew Martinez,Corporate,Central,Texas,Dallas,Technology,Phones,Phone Case,10,0.2,2001.21,164.44
US-2024-100514,2024-01-22,2024-01-26,Standard Class,Susan Davis,Corporate,South,Tennessee,Nashville,Technology,Accessories,Laptop Sleeve,1,0.3,701.19,1.2
US-2024-100539,2024-01-22,2024-01-24,First Class,Nancy Brown,Corporate,West,California,Los Angeles,Technology,Accessories,USB-C Hub,6,0.4,2970.59,43.78
US-2024-101541,2024-01-22,2024-01-25,Second Class,Matthew Martinez,Home Office,Central,Wisconsin,Madison,Office Supplies,Storage,Filing Cabinet,12,0.0,284.85,23.59
US-2024-100284,2024-01-23,2024-01-28,Standard Class,Patricia Williams,Corporate,South,North Carolina,Charlotte,Office Supplies,Art,Highlighters,7,0.3,58.37,5.76
US-2024-101787,2024-01-23,2024-01-25,Standard Class,Sandra Moore,Corporate,East,New Jersey,Jersey City,Technology,Copiers,Multifunction Printer,14,0.0,11620.9,2965.74
US-2024-100241,2024-01-24,2024-01-29,Standard Class,Sarah Brown,Corporate,South,Georgia,Savannah,Technology,Copiers,Multifunction Printer,2,0.1,600.93,79.91
US-2024-101378,2024-01-25,2024-01-29,Second Class,Richard Lopez,Consumer,East,Pennsylvania,Philadelphia,Furniture,Bookcases,Corner Bookcase,10,0.1,2117.71,19.71
US-2024-101608,2024-01-25,2024-01-31,Standard Class,Margaret Martinez,Consumer,West,Washington,Seattle,Technology,Phones,Phone Case,10,0.15,8091.52,-789.47
US-2024-101416,2024-01-25,2024-01-28,Second Class,Susan Jackson,Consumer,Central,Michigan,Ann Arbor,Office Supplies,Paper,Colored Cardstock,1,0.4,7.74,1.12
US-2024-100245,2024-01-26,2024-01-31,Standard Class,James Moore,Corporate,East,New Jersey,Jersey City,Office Supplies,Labels,Shipping Labels,5,0.15,244.3,43.13
US-2024-100173,2024-01-26,2024-01-29,Standard Class,Sandra Moore,Corporate,South,Tennessee,Memphis,Technology,Machines,Label Printer,3,0.0,1722.35,320.1
US-2024-101696,2024-01-26,2024-01-30,Standard Class,John Garcia,Home Office,West,Washington,Seattle,Office Supplies,Binders,3-Ring Binder,10,0.15,473.19,154.59
US-2024-100463,2024-01-26,2024-01-30,First Class,Linda Davis,Home Office,South,Tennessee,Memphis,Office Supplies,Art,Ballpoint Pens (12pk),14,0.1,687.64,70.63
US-2024-100040,2024-01-26,2024-01-30,Standard Class,Robert Hernandez,Consumer,East,Virginia,Arlington,Office Supplies,Art,Ballpoint Pens (12pk),11,0.4,262.79,89.25
US-2024-101964,2024-01-26,2024-01-28,Second Class,Susan Miller,Corporate,South,North Carolina,Raleigh,Furniture,Furnishings,Desk Lamp,9,0.0,7422.81,239.69
US-2024-101553,2024-01-27,2024-01-28,First Class,John Lopez,Consumer,Central,Ohio,Cleveland,Technology,Machines,Label Printer,6,0.0,3976.91,87.05
US-2024-101491,2024-01-28,2024-02-02,First Class,David Taylor,Corporate,South,Florida,Orlando,Technology,Copiers,Multifunction Printer,3,0.0,1398.75,171.69
US-2024-100631,2024-01-28,2024-01-31,Second Class,Linda Jackson,Corporate,East,New Jersey,Newark,Office Supplies,Binders,3-Ring Binder,10,0.2,290.77,72.85
US-2024-100177,2024-01-28,2024-02-03,First Class,Mary Davis,Home Office,West,California,San Diego,Technology,Machines,Paper Shredder,8,0.1,1666.61,87.75
US-2024-101261,2024-01-29,2024-01-30,Same Day,William Rodriguez,Consumer,East,Pennsylvania,Pittsburgh,Technology,Copiers,Desktop Copier,12,0.2,4488.43,1097.88
US-2024-100320,2024-01-29,2024-02-04,Standard Class,Robert Jackson,Corporate,Central,Wisconsin,Madison,Furniture,Furnishings,Wall Clock,4,0.15,1057.57,65.46
US-2024-101317,2024-01-29,2024-02-04,Second Class,Thomas Rodriguez,Consumer,West,Washington,Spokane,Technology,Machines,Paper Shredder,14,0.1,3158.45,137.3
US-2024-101891,2024-01-30,2024-02-03,Standard Class,Robert Davis,Consumer,Central,Texas,Dallas,Technology,Phones,Cordless Phone,1,0.2,890.66,154.87
US-2024-100560,2024-01-30,2024-02-01,Second Class,John Davis,Consumer,East,Pennsylvania,Philadelphia,Furniture,Furnishings,Desk Lamp,8,0.1,1064.23,156.92
US-2024-100228,2024-01-30,2024-02-01,Standard Class,Linda Hernandez,Corporate,East,Virginia,Arlington,Furniture,Bookcases,Corner Bookcase,2,0.15,125.65,17.6
US-2024-101221,2024-01-30,2024-01-31,First Class,Karen Williams,Consumer,West,California,San Diego,Office Supplies,Binders,Heavy-Duty Binder,5,0.1,103.83,6.33
US-2024-100530,2024-02-01,2024-02-03,Second Class,Anthony Taylor,Consumer,South,Georgia,Savannah,Office Supplies,Labels,Shipping Labels,4,0.15,126.48,10.02
US-2024-100737,2024-02-01,2024-02-05,Standard Class,Matthew Rodriguez,Corporate,West,Arizona,Phoenix,Furniture,Furnishings,Floor Mat,12,0.4,1869.42,180.29
US-2024-100413,2024-02-01,2024-02-03,Second Class,Richard Rodriguez,Corporate,South,Tennessee,Memphis,Furniture,Bookcases,5-Shelf Bookcase,7,0.1,2171.98,29.97
US-2024-101558,2024-02-01,2024-02-07,Standard Class,Richard Brown,Corporate,Central,Michigan,Ann Arbor,Office Supplies,Paper,Sticky Notes,10,0.4,188.4,20.91
US-2024-101368,2024-02-01,2024-02-03,First Class,Robert Johnson,Corporate,Central,Illinois,Chicago,Technology,Machines,Paper Shredder,1,0.1,174.23,23.44
US-2024-101493,2024-02-02,2024-02-06,First Class,Margaret Brown,Consumer,South,Georgia,Atlanta,Furniture,Chairs,Stackable Chair,1,0.0,318.99,27.39
US-2024-100580,2024-02-03,2024-02-04,Standard Class,Richard Gonzalez,Consumer,South,Tennessee,Nashville,Office Supplies,Art,Ballpoint Pens (12pk),10,0.15,335.04,107.92
US-2024-101959,2024-02-03,2024-02-06,Second Class,Lisa Anderson,Consumer,South,Alabama,Birmingham,Office Supplies,Binders,View Binder,2,0.2,80.97,14.54
US-2024-100872,2024-02-04,2024-02-07,First Class,Sarah Garcia,Consumer,East,New Jersey,Jersey City,Furniture,Bookcases,Corner Bookcase,11,0.2,3410.0,508.92
US-2024-100453,2024-02-05,2024-02-07,Standard Class,Jessica Smith,Consumer,South,North Carolina,Charlotte,Furniture,Chairs,Executive Leather Chair,2,0.1,1123.14,-10.19
US-2024-101785,2024-02-05,2024-02-12,Standard Class,Susan Davis,Home Office,Central,Ohio,Cleveland,Technology,Phones,Phone Case,5,0.0,3835.59,163.49
US-2024-100337,2024-02-05,2024-02-07,Standard Class,James Moore,Home Office,Central,Ohio,Cleveland,Technology,Phones,Smartphone X200,5,0.0,1113.88,-24.93
US-2024-100216,2024-02-05,2024-02-12,Standard Class,Patricia Lopez,Consumer,West,Oregon,Eugene,Office Supplies,Binders,View Binder,13,0.0,248.41,84.36
US-2024-101433,2024-02-06,2024-02-08,First Class,Michael Thomas,Corporate,West,Washington,Spokane,Furniture,Bookcases,5-Shelf Bookcase,1,0.0,554.89,49.28
US-2024-100525,2024-02-06,2024-02-08,Second Class,Robert Moore,Consumer,West,Arizona,Tucson,Technology,Accessories,Laptop Sleeve,14,0.2,11365.81,1635.75
US-2024-100108,2024-02-07,2024-02-12,Standard Class,Margaret Brown,Home Office,South,Florida,Tampa,Technology,Accessories,Laptop Sleeve,3,0.0,102.19,10.92
US-2024-101410,2024-02-08,2024-02-10,Standard Class,Robert Miller,Consumer,East,New York,Buffalo,Technology,Copiers,Multifunction Printer,9,0.0,8576.8,540.8
US-2024-100332,2024-02-08,2024-02-12,Standard Class,Robert Johnson,Corporate,West,Nevada,Las Vegas,Furniture,Furnishings,Floor Mat,13,0.0,9494.35,744.85
US-2024-101197,2024-02-08,2024-02-10,Standard Class,Charles Miller,Home Office,Central,Illinois,Chicago,Technology,Accessories,Wireless Mouse,10,0.0,6587.62,956.14
US-2024-101822,2024-02-08,2024-02-15,Standard Class,Karen Miller,Consumer,South,Georgia,Atlanta,Technology,Copiers,Multifunction Printer,7,0.4,4306.66,852.03
US-2024-100945,2024-02-08,2024-02-12,First Class,Joseph Taylor,Home Office,Central,Illinois,Chicago,Office Supplies,Paper,Colored Cardstock,14,0.0,314.83,96.38
US-2024-101544,2024-02-09,2024-02-12,Standard Class,Sarah Rodriguez,Consumer,West,Washington,Spokane,Furniture,Tables,Adjustable Height Desk,8,0.4,3948.8,403.26
US-2024-101992,2024-02-10,2024-02-15,Second Class,Susan Jackson,Consumer,South,North Carolina,Raleigh,Furniture,Chairs,Stackable Chair,11,0.3,2962.56,130.14
US-2024-100222,2024-02-11,2024-02-14,Standard Class,Michael Moore,Consumer,South,Georgia,Savannah,Office Supplies,Labels,Shipping Labels,9,0.4,85.62,23.73
US-2024-101749,2024-02-11,2024-02-16,Standard Class,Barbara Lopez,Consumer,West,Washington,Spokane,Office Supplies,Paper,Copy Paper 500ct,4,0.15,31.45,4.83
US-2024-100247,2024-02-11,2024-02-12,Standard Class,Richard Brown,Corporate,East,New York,New York City,Technology,Machines,Paper Shredder,2,0.0,1343.33,-91.84
US-2024-101191,2024-02-12,2024-02-19,Second Class,Jessica Smith,Consumer,Central,Ohio,Cleveland,Technology,Phones,Phone Case,6,0.2,2108.44,-123.73
US-2024-100468,2024-02-12,2024-02-18,Standard Class,Patricia Lopez,Consumer,South,Florida,Miami,Office Supplies,Storage,Storage Box,5,0.0,58.84,10.32
US-2024-101730,2024-02-12,2024-02-17,First Class,Barbara Lopez,Home Office,Central,Michigan,Ann Arbor,Technology,Machines,Laminator,4,0.3,3113.97,280.06
US-2024-101032,2024-02-13,2024-02-18,Standard Class,Linda Johnson,Consumer,West,Arizona,Tucson,Technology,Machines,Paper Shredder,3,0.1,1899.69,426.12
US-2024-101826,2024-02-13,2024-02-14,Second Class,Mark Lopez,Home Office,Central,Ohio,Cleveland,Furniture,Chairs,Executive Leather Chair,14,0.1,3067.77,103.39
US-2024-101097,2024-02-13,2024-02-19,Second Class,Sarah Brown,Corporate,Central,Texas,Dallas,Office Supplies,Storage,Filing Cabinet,10,0.0,329.27,19.22
US-2024-100821,2024-02-14,2024-02-18,Standard Class,Patricia Lopez,Corporate,East,Pennsylvania,Pittsburgh,Technology,Phones,Phone Case,10,0.1,1980.55,38.23
US-2024-100196,2024-02-14,2024-02-18,Standard Class,Betty Hernandez,Home Office,South,Alabama,Montgomery,Technology,Phones,Cordless Phone,5,0.1,2652.96,-131.71
US-2024-101183,2024-02-15,2024-02-19,Standard Class,James Jackson,Consumer,East,Pennsylvania,Pittsburgh,Technology,Accessories,USB-C Hub,7,0.3,865.81,69.76
US-2024-100376,2024-02-15,2024-02-17,Second Class,Chris Brown,Consumer,South,Florida,Miami,Office Supplies,Paper,Sticky Notes,11,0.0,389.37,109.13
US-2024-100661,2024-02-15,2024-02-20,Standard Class,Robert Williams,Consumer,West,Nevada,Las Vegas,Furniture,Chairs,Stackable Chair,7,0.0,2489.9,316.75
US-2024-101429,2024-02-15,2024-02-18,Same Day,Richard Brown,Consumer,West,California,Los Angeles,Office Supplies,Storage,Storage Bin,3,0.1,133.36,42.92
US-2024-100962,2024-02-15,2024-02-19,First Class,Chris Brown,Corporate,West,Arizona,Phoenix,Technology,Phones,Phone Case,14,0.0,1724.17,343.39
US-2024-101103,2024-02-15,2024-02-22,Standard Class,Linda Davis,Consumer,Central,Illinois,Chicago,Office Supplies,Storage,Storage Bin,6,0.2,271.3,39.9
US-2024-101674,2024-02-15,2024-02-21,Same Day,Joseph Brown,Corporate,South,Georgia,Savannah,Furniture,Chairs,Mesh Task Chair,12,0.0,1437.7,-63.01
US-2024-101648,2024-02-16,2024-02-17,Second Class,Barbara Lopez,Corporate,Central,Michigan,Ann Arbor,Technology,Copiers,Multifunction Printer,4,0.0,2607.53,694.28
US-2024-100651,2024-02-16,2024-02-20,Standard Class,Thomas Brown,Consumer,West,Washington,Spokane,Furniture,Furnishings,Floor Mat,13,0.0,1375.26,186.54
US-2024-101549,2024-02-16,2024-02-23,First Class,Richard Brown,Consumer,Central,Illinois,Chicago,Office Supplies,Art,Highlighters,1,0.3,5.99,1.57
US-2024-100091,2024-02-17,2024-02-20,Second Class,Linda Johnson,Home Office,South,North Carolina,Charlotte,Technology,Copiers,Desktop Copier,1,0.15,219.08,41.73
US-2024-101145,2024-02-18,2024-02-23,Standard Class,Susan Johnson,Consumer,West,Arizona,Phoenix,Office Supplies,Labels,Address Labels,12,0.3,274.57,46.1
US-2024-100184,2024-02-18,2024-02-24,First Class,Nancy Brown,Home Office,Central,Michigan,Ann Arbor,Furniture,Tables,Round Conference Table,6,0.4,2274.61,21.99
US-2024-101759,2024-02-19,2024-02-25,Second Class,Robert Johnson,Home Office,West,Washington,Spokane,Furniture,Furnishings,Wall Clock,11,0.4,4650.54,296.09
US-2024-100341,2024-02-19,2024-02-23,Standard Class,John Brown,Corporate,Central,Michigan,Detroit,Office Supplies,Labels,Address Labels,13,0.0,371.36,127.26
US-2024-100902,2024-02-19,2024-02-24,Standard Class,Linda Davis,Home Office,South,Tennessee,Nashville,Office Supplies,Binders,View Binder,13,0.2,539.61,50.23
US-2024-100940,2024-02-20,2024-02-24,Standard Class,Linda Davis,Consumer,West,Washington,Spokane,Furniture,Chairs,Executive Leather Chair,10,0.3,5795.53,121.12
US-2024-101619,2024-02-21,2024-02-27,Standard Class,Richard Gonzalez,Corporate,South,Tennessee,Memphis,Office Supplies,Paper,Sticky Notes,6,0.0,68.29,3.96
US-2024-100623,2024-02-21,2024-02-26,Standard Class,Robert Moore,Consumer,Central,Michigan,Ann Arbor,Furniture,Bookcases,Corner Bookcase,5,0.0,2330.07,-107.28
US-2024-101356,2024-02-22,2024-02-24,Standard Class,Lisa Moore,Consumer,South,Tennessee,Nashville,Technology,Phones,Cordless Phone,4,0.2,1410.8,154.96
US-2024-100721,2024-02-22,2024-02-26,Second Class,Matthew Jones,Corporate,South,Florida,Orlando,Furniture,Furnishings,Floor Mat,12,0.0,5502.03,-50.59
US-2024-100608,2024-02-23,2024-02-29,Standard Class,Richard Anderson,Corporate,Central,Wisconsin,Milwaukee,Technology,Phones,Smartphone X200,8,0.2,5865.36,727.49
US-2024-101527,2024-02-25,2024-03-03,Standard Class,Matthew Miller,Corporate,East,New Jersey,Newark,Technology,Copiers,Multifunction Printer,10,0.15,281.58,-22.4
US-2024-100043,2024-02-26,2024-03-02,Standard Class,Robert Johnson,Consumer,West,California,San Francisco,Technology,Machines,Laminator,11,0.3,942.43,232.66
US-2024-100011,2024-02-26,2024-03-04,Standard Class,Charles Davis,Corporate,East,Pennsylvania,Philadelphia,Technology,Phones,Smartphone X200,11,0.2,3011.03,681.29
US-2024-101603,2024-02-27,2024-03-01,Second Class,Joseph Smith,Consumer,East,New York,Buffalo,Technology,Machines,Label Printer,5,0.1,2830.6,368.38
US-2024-100095,2024-02-27,2024-03-04,Standard Class,Matthew Hernandez,Consumer,East,New York,Albany,Technology,Phones,Smartphone X200,4,0.3,3099.63,-147.32
US-2024-101850,2024-02-27,2024-03-01,Standard Class,Karen Hernandez,Consumer,West,Washington,Spokane,Furniture,Furnishings,Wall Clock,5,0.0,3862.56,414.73
US-2024-101999,2024-02-27,2024-03-03,Same Day,Sarah Taylor,Consumer,East,New Jersey,Jersey City,Technology,Accessories,USB-C Hub,14,0.0,8177.19,-219.75
US-2024-101190,2024-02-28,2024-03-06,Standard Class,Karen Rodriguez,Consumer,East,Massachusetts,Boston,Technology,Phones,Smartphone X200,8,0.0,3766.24,-147.77
US-2024-101994,2024-02-28,2024-02-29,Standard Class,Linda Johnson,Corporate,Central,Ohio,Cleveland,Technology,Accessories,USB-C Hub,5,0.0,2663.42,-219.54
US-2024-100548,2024-02-28,2024-02-29,Standard Class,Linda Davis,Consumer,East,New York,New York City,Office Supplies,Storage,Storage Box,8,0.1,46.27,14.92
US-2024-101991,2024-02-28,2024-03-06,Same Day,Thomas Brown,Corporate,East,Pennsylvania,Philadelphia,Technology,Copiers,Multifunction Printer,14,0.0,13052.66,345.91
US-2024-101078,2024-02-29,2024-03-02,Second Class,Barbara Miller,Home Office,East,Massachusetts,Worcester,Office Supplies,Paper,Copy Paper 500ct,5,0.2,221.74,34.95
US-2024-100019,2024-02-29,2024-03-04,Second Class,Michael Davis,Corporate,Central,Michigan,Detroit,Furniture,Tables,Adjustable Height Desk,6,0.1,2785.28,440.39
US-2024-100948,2024-02-29,2024-03-04,Standard Class,Matthew Garcia,Consumer,South,Tennessee,Memphis,Office Supplies,Binders,3-Ring Binder,10,0.1,170.75,19.62
US-2024-100131,2024-03-01,2024-03-02,Standard Class,Richard Rodriguez,Home Office,Central,Ohio,Cleveland,Technology,Accessories,USB-C Hub,2,0.0,875.09,28.31
US-2024-100556,2024-03-01,2024-03-07,Standard Class,Susan Davis,Corporate,East,Massachusetts,Boston,Technology,Phones,Cordless Phone,5,0.15,2118.21,104.78
US-2024-101746,2024-03-02,2024-03-08,Standard Class,Karen Hernandez,Corporate,West,Nevada,Las Vegas,Technology,Copiers,Desktop Copier,12,0.0,13546.66,2735.08
US-2024-100832,2024-03-03,2024-03-07,First Class,Lisa Moore,Corporate,South,Florida,Orlando,Office Supplies,Art,Highlighters,10,0.0,555.39,176.31
US-2024-101578,2024-03-04,2024-03-05,Standard Class,Thomas Rodriguez,Consumer,West,Washington,Spokane,Technology,Phones,Phone Case,11,0.15,3421.02,-45.63
US-2024-101337,2024-03-04,2024-03-06,First Class,John Lopez,Corporate,East,New Jersey,Newark,Office Supplies,Binders,3-Ring Binder,12,0.0,672.13,116.44
US-2024-101694,2024-03-04,2024-03-06,First Class,Jennifer Anderson,Consumer,East,Massachusetts,Boston,Office Supplies,Paper,Colored Cardstock,14,0.0,682.86,37.08
US-2024-100330,2024-03-04,2024-03-06,First Class,John Rodriguez,Consumer,Central,Illinois,Springfield,Furniture,Chairs,Stackable Chair,13,0.2,3625.48,350.73
US-2024-101162,2024-03-05,2024-03-11,Standard Class,Jennifer Lopez,Home Office,South,North Carolina,Charlotte,Furniture,Bookcases,Corner Bookcase,13,0.0,4912.17,647.64
US-2024-100987,2024-03-05,2024-03-10,First Class,Mark Hernandez,Corporate,Central,Wisconsin,Madison,Furniture,Chairs,Stackable Chair,4,0.15,1044.24,97.14
US-2024-101054,2024-03-05,2024-03-12,Standard Class,Michael Moore,Consumer,South,Tennessee,Memphis,Office Supplies,Art,Highlighters,4,0.0,88.63,5.31
US-2024-101158,2024-03-05,2024-03-07,Standard Class,Michael Thomas,Consumer,Central,Michigan,Ann Arbor,Technology,Machines,Paper Shredder,14,0.0,16249.52,634.73
US-2024-100536,2024-03-05,2024-03-10,Second Class,Daniel Martinez,Consumer,East,New York,New York City,Furniture,Furnishings,Desk Lamp,4,0.0,2490.01,391.87
US-2024-101267,2024-03-06,2024-03-13,First Class,Joseph Jackson,Consumer,South,Florida,Orlando,Technology,Copiers,Desktop Copier,3,0.0,1661.23,100.02
US-2024-100691,2024-03-06,2024-03-10,Standard Class,Linda Hernandez,Home Office,West,Arizona,Tucson,Office Supplies,Labels,Address Labels,14,0.0,320.64,78.75
US-2024-101319,2024-03-07,2024-03-11,Standard Class,Robert Moore,Consumer,Central,Wisconsin,Milwaukee,Furniture,Tables,Glass Coffee Table,6,0.1,3123.61,-104.33
US-2024-101382,2024-03-07,2024-03-14,Second Class,Matthew Miller,Consumer,South,North Carolina,Raleigh,Office Supplies,Storage,Storage Box,3,0.0,158.39,43.07
US-2024-100389,2024-03-08,2024-03-15,Second Class,Michael Moore,Consumer,West,Oregon,Portland,Office Supplies,Art,Markers Set,6,0.0,163.07,30.83
US-2024-100396,2024-03-08,2024-03-13,Standard Class,Linda Davis,Consumer,Central,Texas,Dallas,Office Supplies,Labels,Shipping Labels,6,0.3,73.65,17.44
US-2024-101225,2024-03-08,2024-03-15,Second Class,Karen Williams,Consumer,Central,Wisconsin,Milwaukee,Furniture,Chairs,Ergonomic Office Chair,12,0.2,6743.69,-291.06
US-2024-100375,2024-03-08,2024-03-15,First Class,Daniel Williams,Corporate,South,Florida,Orlando,Technology,Copiers,Multifunction Printer,2,0.1,1120.34,202.06
US-2024-101630,2024-03-09,2024-03-14,Standard Class,Mark Lopez,Corporate,East,New York,New York City,Furniture,Bookcases,5-Shelf Bookcase,4,0.1,1174.2,66.18
US-2024-100524,2024-03-09,2024-03-15,Standard Class,David Taylor,Corporate,West,Oregon,Portland,Furniture,Chairs,Mesh Task Chair,8,0.1,3783.54,428.11
US-2024-100336,2024-03-09,2024-03-12,Standard Class,Anthony Taylor,Consumer,South,Alabama,Birmingham,Technology,Accessories,USB-C Hub,1,0.1,539.0,85.03
US-2024-100942,2024-03-09,2024-03-14,Standard Class,Patricia Williams,Corporate,South,Alabama,Birmingham,Furniture,Furnishings,Wall Clock,1,0.15,439.68,23.3
US-2024-101565,2024-03-10,2024-03-15,Standard Class,Matthew Miller,Home Office,South,Tennessee,Memphis,Technology,Machines,Laminator,9,0.15,3781.84,988.43
US-2024-101188,2024-03-11,2024-03-16,Standard Class,Joseph Jackson,Consumer,West,Oregon,Eugene,Technology,Copiers,Desktop Copier,1,0.0,239.63,63.55
US-2024-100540,2024-03-12,2024-03-17,Standard Class,John Garcia,Consumer,Central,Wisconsin,Milwaukee,Technology,Copiers,Multifunction Printer,13,0.1,6631.84,435.27
US-2024-101055,2024-03-12,2024-03-17,Same Day,Richard Gonzalez,Corporate,Central,Michigan,Detroit,Office Supplies,Binders,Heavy-Duty Binder,3,0.15,70.38,6.42
US-2024-100612,2024-03-12,2024-03-18,Same Day,Karen Anderson,Consumer,East,New York,Buffalo,Technology,Phones,Cordless Phone,8,0.0,3000.65,206.67
US-2024-101643,2024-03-12,2024-03-17,Standard Class,Sandra Jackson,Corporate,East,Virginia,Richmond,Technology,Phones,Cordless Phone,7,0.0,5746.94,241.66
US-2024-100316,2024-03-13,2024-03-19,Same Day,Linda Jackson,Consumer,Central,Michigan,Ann Arbor,Office Supplies,Binders,Heavy-Duty Binder,11,0.0,228.33,37.64
US-2024-101068,2024-03-13,2024-03-15,First Class,Michael Thomas,Consumer,South,Florida,Tampa,Technology,Copiers,Multifunction Printer,13,0.0,11811.25,66.59
US-2024-100482,2024-03-13,2024-03-19,First Class,Linda Hernandez,Corporate,East,New York,Buffalo,Technology,Phones,Phone Case,14,0.1,5620.02,538.77
US-2024-101480,2024-03-14,2024-03-20,Second Class,Lisa Jackson,Consumer,East,New Jersey,Newark,Technology,Accessories,Laptop Sleeve,3,0.4,687.6,128.74
US-2024-101286,2024-03-14,2024-03-20,Second Class,Linda Jones,Consumer,South,North Carolina,Raleigh,Technology,Machines,Laminator,8,0.0,7697.86,-758.94
US-2024-101297,2024-03-15,2024-03-16,Standard Class,Joseph Brown,Corporate,Central,Texas,Austin,Office Supplies,Paper,Sticky Notes,12,0.15,447.87,84.1
US-2024-100444,2024-03-15,2024-03-22,Standard Class,Betty Johnson,Corporate,East,Virginia,Arlington,Technology,Copiers,Multifunction Printer,12,0.0,12335.34,198.81
US-2024-101591,2024-03-16,2024-03-17,Standard Class,Lisa Thomas,Consumer,South,Tennessee,Nashville,Furniture,Tables,Adjustable Height Desk,12,0.15,4129.31,303.02
US-2024-100277,2024-03-16,2024-03-23,Standard Class,William Rodriguez,Corporate,East,Virginia,Richmond,Technology,Machines,Paper Shredder,3,0.0,644.75,-19.36
US-2024-101204,2024-03-17,2024-03-21,Standard Class,Robert Jackson,Corporate,Central,Wisconsin,Milwaukee,Office Supplies,Binders,View Binder,11,0.3,272.01,61.66
US-2024-101250,2024-03-17,2024-03-18,First Class,Susan Jackson,Corporate,Central,Michigan,Ann Arbor,Technology,Machines,Paper Shredder,8,0.2,6676.62,1789.99
US-2024-100304,2024-03-18,2024-03-24,First Class,Mark Lopez,Home Office,West,California,San Diego,Office Supplies,Storage,Storage Box,10,0.1,184.06,45.78
US-2024-100123,2024-03-18,2024-03-20,Second Class,Linda Hernandez,Consumer,South,North Carolina,Charlotte,Office Supplies,Art,Markers Set,11,0.0,264.49,19.06
US-2024-100751,2024-03-19,2024-03-26,Same Day,Chris Brown,Consumer,West,Washington,Seattle,Technology,Phones,Smartphone X200,11,0.0,1352.03,-33.84
US-2024-101476,2024-03-19,2024-03-24,First Class,Linda Davis,Corporate,Central,Ohio,Columbus,Office Supplies,Binders,View Binder,1,0.0,17.13,4.76
US-2024-101262,2024-03-20,2024-03-27,Standard Class,Mark Lopez,Consumer,South,Florida,Orlando,Technology,Phones,Cordless Phone,1,0.15,553.48,120.78
US-2024-101526,2024-03-20,2024-03-23,Standard Class,Michael Thomas,Corporate,East,Virginia,Richmond,Office Supplies,Storage,Storage Bin,7,0.0,250.43,67.01
US-2024-101090,2024-03-20,2024-03-25,Standard Class,Charles Miller,Consumer,West,Arizona,Tucson,Office Supplies,Labels,Shipping Labels,5,0.0,41.51,11.93
US-2024-101279,2024-03-20,2024-03-24,Second Class,Daniel Martinez,Consumer,West,Nevada,Reno,Technology,Accessories,USB-C Hub,13,0.1,6210.27,1365.67
US-2024-101793,2024-03-21,2024-03-28,Second Class,Matthew Jones,Corporate,East,New Jersey,Newark,Technology,Machines,Laminator,4,0.4,1401.51,321.51
US-2024-100233,2024-03-21,2024-03-22,Standard Class,Nancy Brown,Home Office,Central,Wisconsin,Milwaukee,Furniture,Chairs,Executive Leather Chair,2,0.2,449.6,73.76
US-2024-100303,2024-03-21,2024-03-27,First Class,Joseph Lopez,Corporate,Central,Ohio,Cleveland,Furniture,Bookcases,Corner Bookcase,6,0.1,4815.95,698.1
US-2024-101472,2024-03-22,2024-03-27,Second Class,Linda Hernandez,Home Office,East,Pennsylvania,Pittsburgh,Furniture,Bookcases,5-Shelf Bookcase,5,0.1,3035.65,49.28
US-2024-101276,2024-03-22,2024-03-27,First Class,Nancy Rodriguez,Consumer,West,Oregon,Eugene,Technology,Accessories,USB-C Hub,12,0.0,8097.64,400.61
US-2024-100384,2024-03-22,2024-03-23,Standard Class,John Davis,Consumer,West,Washington,Seattle,Furniture,Tables,Round Conference Table,8,0.1,678.71,43.02
US-2024-100537,2024-03-23,2024-03-26,First Class,John Lopez,Corporate,East,Pennsylvania,Pittsburgh,Technology,Copiers,Multifunction Printer,12,0.3,5764.61,690.75
US-2024-100574,2024-03-23,2024-03-24,First Class,David Taylor,Consumer,Central,Texas,Dallas,Office Supplies,Art,Highlighters,3,0.15,107.76,16.84
US-2024-101801,2024-03-23,2024-03-25,Standard Class,John Rodriguez,Consumer,West,Washington,Seattle,Office Supplies,Labels,Address Labels,9,0.0,489.38,55.94
US-2024-100800,2024-03-23,2024-03-27,Second Class,Lisa Moore,Home Office,South,Georgia,Savannah,Furniture,Furnishings,Floor Mat,6,0.2,769.6,-28.83
US-2024-101383,2024-03-23,2024-03-30,Second Class,Joseph Lopez,Consumer,South,Alabama,Birmingham,Office Supplies,Storage,Storage Box,13,0.2,564.3,111.75
US-2024-101852,2024-03-23,2024-03-27,Standard Class,Matthew Jones,Consumer,Central,Ohio,Columbus,Technology,Machines,Label Printer,5,0.3,1248.11,151.85
US-2024-100081,2024-03-24,2024-03-25,Second Class,Lisa Thomas,Consumer,West,Nevada,Reno,Office Supplies,Paper,Copy Paper 500ct,3,0.1,127.32,29.48
US-2024-101556,2024-03-25,2024-03-31,Second Class,John Lopez,Home Office,Central,Texas,Houston,Office Supplies,Storage,Storage Bin,13,0.0,114.27,17.4
US-2024-100953,2024-03-26,2024-03-31,First Class,Karen Anderson,Corporate,East,New York,Buffalo,Technology,Machines,Paper Shredder,6,0.2,1113.18,89.32
US-2024-100088,2024-03-26,2024-03-30,Second Class,Patricia Williams,Consumer,Central,Ohio,Columbus,Technology,Copiers,Multifunction Printer,8,0.3,1109.32,34.66
US-2024-101123,2024-03-26,2024-03-27,Standard Class,James Jackson,Consumer,East,Massachusetts,Boston,Technology,Copiers,Desktop Copier,4,0.15,2487.14,336.01
US-2024-100689,2024-03-26,2024-03-27,Standard Class,Richard Lopez,Corporate,Central,Illinois,Springfield,Technology,Accessories,Wireless Mouse,14,0.3,10241.13,682.55
US-2024-100641,2024-03-26,2024-03-29,Standard Class,John Lopez,Consumer,Central,Ohio,Columbus,Technology,Machines,Label Printer,2,0.15,744.88,160.94
US-2024-101672,2024-03-26,2024-03-28,First Class,Mary Davis,Consumer,West,Arizona,Tucson,Technology,Phones,Phone Case,12,0.0,14390.51,1108.0
US-2024-101022,2024-03-26,2024-03-30,Second Class,Charles Davis,Corporate,Central,Ohio,Columbus,Furniture,Chairs,Stackable Chair,8,0.1,2584.23,-50.74
US-2024-100996,2024-03-27,2024-03-28,Standard Class,John Thomas,Corporate,West,California,San Francisco,Furniture,Chairs,Executive Leather Chair,14,0.0,7537.46,368.91
US-2024-100735,2024-03-27,2024-03-28,Standard Class,Daniel Martinez,Corporate,East,New Jersey,Newark,Office Supplies,Paper,Colored Cardstock,14,0.0,457.19,30.64
US-2024-101449,2024-03-27,2024-04-01,First Class,Sarah Davis,Consumer,East,Virginia,Arlington,Office Supplies,Paper,Sticky Notes,4,0.1,84.93,25.8
US-2024-100441,2024-03-28,2024-03-30,Standard Class,Barbara Lopez,Consumer,South,Tennessee,Memphis,Office Supplies,Storage,Filing Cabinet,5,0.2,91.31,22.2
US-2024-101892,2024-03-28,2024-04-02,Same Day,Susan Johnson,Corporate,West,Nevada,Las Vegas,Technology,Accessories,Laptop Sleeve,13,0.0,5520.29,1000.72
US-2024-101764,2024-03-28,2024-03-30,Second Class,Patricia Lopez,Corporate,West,California,San Diego,Furniture,Furnishings,Wall Clock,14,0.2,7689.28,983.58
US-2024-100065,2024-03-28,2024-04-03,Standard Class,Lisa Moore,Consumer,South,Tennessee,Memphis,Technology,Machines,Paper Shredder,5,0.0,2208.86,88.62
US-2024-100031,2024-03-29,2024-04-01,Standard Class,Robert Hernandez,Corporate,West,Arizona,Tucson,Office Supplies,Labels,Address Labels,14,0.0,376.21,30.01
US-2024-100675,2024-03-29,2024-04-05,First Class,Sandra Smith,Consumer,East,Virginia,Arlington,Office Supplies,Binders,Heavy-Duty Binder,11,0.1,482.47,133.34
US-2024-101173,2024-03-29,2024-04-04,Standard Class,Anthony Johnson,Consumer,South,Alabama,Montgomery,Office Supplies,Art,Markers Set,11,0.0,300.76,97.54
US-2024-100677,2024-03-29,2024-04-01,Second Class,Susan Davis,Corporate,Central,Wisconsin,Madison,Office Supplies,Paper,Copy Paper 500ct,11,0.0,546.79,77.73
US-2024-100200,2024-03-30,2024-04-06,Standard Class,John Rodriguez,Consumer,Central,Michigan,Detroit,Office Supplies,Labels,Shipping Labels,10,0.0,516.82,127.14
US-2024-100764,2024-03-30,2024-04-06,Second Class,Nancy Brown,Corporate,South,Florida,Orlando,Office Supplies,Paper,Colored Cardstock,6,0.2,85.76,8.48
US-2024-100160,2024-03-30,2024-04-06,Standard Class,Joseph Smith,Home Office,West,Arizona,Tucson,Technology,Phones,Smartphone X200,3,0.0,2929.19,735.72
US-2024-100739,2024-03-30,2024-04-03,Standard Class,Richard Anderson,Home Office,South,Georgia,Savannah,Furniture,Furnishings,Wall Clock,8,0.2,2338.5,-6.17
US-2024-100080,2024-03-30,2024-04-02,Standard Class,Karen Miller,Corporate,West,California,San Francisco,Office Supplies,Storage,Filing Cabinet,8,0.4,251.82,86.63
US-2024-101851,2024-03-30,2024-04-06,Second Class,Lisa Moore,Consumer,South,Tennessee,Nashville,Office Supplies,Storage,Storage Bin,14,0.1,470.54,35.99
US-2024-101212,2024-03-31,2024-04-07,Standard Class,Michael Moore,Consumer,Central,Texas,Houston,Office Supplies,Paper,Colored Cardstock,7,0.0,362.1,39.64
US-2024-101871,2024-03-31,2024-04-03,Standard Class,Nancy Moore,Corporate,East,Pennsylvania,Pittsburgh,Furniture,Bookcases,Corner Bookcase,1,0.0,357.87,38.85
US-2024-100861,2024-03-31,2024-04-03,Second Class,Anthony Williams,Consumer,Central,Ohio,Columbus,Technology,Accessories,USB-C Hub,6,0.2,4262.86,182.02
US-2024-101617,2024-03-31,2024-04-04,Standard Class,Thomas Martin,Corporate,East,Massachusetts,Boston,Furniture,Chairs,Ergonomic Office Chair,13,0.3,7132.24,620.29
US-2024-100754,2024-04-01,2024-04-02,Standard Class,Margaret Martinez,Corporate,West,California,Los Angeles,Office Supplies,Binders,Heavy-Duty Binder,12,0.3,171.92,39.83
US-2024-101796,2024-04-02,2024-04-03,Second Class,Richard Lopez,Consumer,West,Arizona,Phoenix,Office Supplies,Art,Markers Set,12,0.0,62.71,18.59
US-2024-101985,2024-04-02,2024-04-06,First Class,Matthew Jones,Corporate,South,Georgia,Savannah,Office Supplies,Labels,Shipping Labels,4,0.2,170.58,39.42
US-2024-101484,2024-04-02,2024-04-05,First Class,Joseph Taylor,Home Office,Central,Ohio,Cleveland,Furniture,Chairs,Ergonomic Office Chair,5,0.0,3938.83,177.64
US-2024-101624,2024-04-03,2024-04-04,Standard Class,Nancy Brown,Home Office,East,New Jersey,Jersey City,Office Supplies,Art,Ballpoint Pens (12pk),2,0.0,80.86,24.59
US-2024-100458,2024-04-04,2024-04-08,Second Class,Thomas Rodriguez,Consumer,Central,Illinois,Springfield,Technology,Copiers,Desktop Copier,9,0.4,3873.63,932.68
US-2024-100071,2024-04-04,2024-04-06,First Class,Lisa Thomas,Corporate,East,Massachusetts,Boston,Office Supplies,Paper,Colored Cardstock,9,0.3,365.43,92.63
US-2024-101902,2024-04-04,2024-04-10,Standard Class,Robert Jackson,Consumer,South,Tennessee,Memphis,Office Supplies,Labels,Shipping Labels,6,0.0,113.66,29.52
US-2024-101216,2024-04-04,2024-04-09,Standard Class,Daniel Williams,Corporate,East,Pennsylvania,Pittsburgh,Office Supplies,Storage,Storage Box,13,0.2,120.63,14.19
US-2024-101201,2024-04-04,2024-04-11,Second Class,Matthew Garcia,Consumer,South,North Carolina,Raleigh,Furniture,Tables,Glass Coffee Table,13,0.15,2784.57,423.96
US-2024-101874,2024-04-05,2024-04-06,Same Day,Karen Rodriguez,Consumer,South,Georgia,Atlanta,Office Supplies,Storage,Filing Cabinet,10,0.0,112.87,27.03
US-2024-100851,2024-04-05,2024-04-07,Standard Class,Robert Moore,Consumer,South,Florida,Orlando,Technology,Phones,Phone Case,12,0.0,13887.65,-684.31
US-2024-100662,2024-04-05,2024-04-07,Standard Class,Sarah Davis,Corporate,Central,Wisconsin,Madison,Office Supplies,Art,Markers Set,14,0.0,262.19,26.66
US-2024-101613,2024-04-05,2024-04-08,Standard Class,Charles Davis,Consumer,South,Alabama,Montgomery,Technology,Copiers,Multifunction Printer,5,0.1,4984.63,-30.73
US-2024-100833,2024-04-05,2024-04-07,Standard Class,Sarah Garcia,Consumer,East,Virginia,Arlington,Office Supplies,Binders,Heavy-Duty Binder,7,0.2,26.71,8.54
US-2024-100073,2024-04-06,2024-04-09,First Class,John Thomas,Consumer,East,New Jersey,Jersey City,Technology,Accessories,USB-C Hub,1,0.1,420.78,8.88
US-2024-100722,2024-04-07,2024-04-14,Second Class,Karen Garcia,Home Office,West,Washington,Spokane,Office Supplies,Paper,Colored Cardstock,2,0.4,3.82,0.62
US-2024-101690,2024-04-07,2024-04-14,Standard Class,Joseph Taylor,Consumer,South,Alabama,Montgomery,Technology,Machines,Laminator,5,0.3,122.49,31.3
US-2024-101138,2024-04-07,2024-04-09,First Class,Lisa Rodriguez,Consumer,West,California,San Francisco,Furniture,Furnishings,Desk Lamp,3,0.15,353.33,42.73
US-2024-101656,2024-04-07,2024-04-11,First Class,Robert Jackson,Consumer,Central,Michigan,Ann Arbor,Office Supplies,Storage,Filing Cabinet,10,0.1,106.93,16.36
US-2024-101849,2024-04-08,2024-04-12,First Class,Linda Jackson,Consumer,East,Virginia,Arlington,Office Supplies,Art,Highlighters,7,0.2,297.66,63.43
US-2024-101864,2024-04-09,2024-04-12,First Class,Daniel Williams,Consumer,South,Florida,Orlando,Technology,Machines,Paper Shredder,6,0.3,4746.03,1133.47
US-2024-100896,2024-04-09,2024-04-11,Standard Class,Lisa Anderson,Consumer,West,Oregon,Portland,Office Supplies,Labels,Shipping Labels,2,0.2,91.75,14.08
US-2024-101720,2024-04-09,2024-04-12,First Class,Susan Jackson,Consumer,South,Florida,Orlando,Furniture,Furnishings,Wall Clock,13,0.1,7614.58,15.24
US-2024-100150,2024-04-09,2024-04-14,First Class,David Smith,Consumer,West,Oregon,Eugene,Technology,Accessories,Wireless Mouse,10,0.0,7999.21,-765.42
US-2024-100636,2024-04-10,2024-04-14,Same Day,Patricia Martinez,Home Office,Central,Michigan,Detroit,Technology,Phones,Phone Case,3,0.2,2179.65,522.73
US-2024-100004,2024-04-10,2024-04-13,Standard Class,Sarah Davis,Consumer,South,Georgia,Savannah,Technology,Accessories,USB-C Hub,7,0.15,5631.87,-97.28
US-2024-101783,2024-04-12,2024-04-15,First Class,Karen Miller,Consumer,South,Florida,Tampa,Technology,Machines,Paper Shredder,6,0.15,1468.36,172.05
US-2024-101234,2024-04-12,2024-04-13,Standard Class,Matthew Garcia,Home Office,South,Tennessee,Memphis,Furniture,Chairs,Mesh Task Chair,11,0.0,7658.47,1204.77
US-2024-101974,2024-04-12,2024-04-18,Standard Class,Richard Lopez,Home Office,Central,Ohio,Columbus,Office Supplies,Art,Highlighters,2,0.4,25.24,4.53
US-2024-100979,2024-04-12,2024-04-17,Standard Class,Margaret Brown,Corporate,South,Alabama,Birmingham,Furniture,Bookcases,5-Shelf Bookcase,9,0.2,4430.15,357.14
US-2024-100038,2024-04-12,2024-04-17,Same Day,Charles Miller,Home Office,East,Massachusetts,Worcester,Office Supplies,Storage,Filing Cabinet,3,0.3,116.48,15.48
US-2024-101957,2024-04-13,2024-04-19,First Class,Mark Hernandez,Consumer,Central,Ohio,Cleveland,Office Supplies,Binders,3-Ring Binder,3,0.1,50.77,11.36
US-2024-100126,2024-04-13,2024-04-14,Second Class,Lisa Anderson,Corporate,Central,Ohio,Columbus,Office Supplies,Paper,Sticky Notes,3,0.15,145.43,21.65
US-2024-101682,2024-04-14,2024-04-21,Same Day,Mark Lopez,Home Office,East,Massachusetts,Worcester,Furniture,Bookcases,5-Shelf Bookcase,10,0.2,5636.59,230.86
US-2024-101587,2024-04-14,2024-04-16,Standard Class,Sarah Taylor,Corporate,East,New Jersey,Jersey City,Technology,Phones,Phone Case,1,0.0,409.31,-20.39
US-2024-101236,2024-04-14,2024-04-17,Standard Class,Robert Moore,Home Office,Central,Illinois,Springfield,Office Supplies,Labels,Address Labels,4,0.1,122.32,40.13
US-2024-100333,2024-04-15,2024-04-22,Standard Class,Matthew Garcia,Consumer,East,Pennsylvania,Pittsburgh,Office Supplies,Binders,3-Ring Binder,10,0.2,27.33,4.69
US-2024-101306,2024-04-16,2024-04-21,Standard Class,Nancy Rodriguez,Consumer,South,North Carolina,Raleigh,Technology,Accessories,Laptop Sleeve,10,0.0,8836.39,1435.0
US-2024-100449,2024-04-16,2024-04-20,Second Class,Lisa Jackson,Consumer,East,Massachusetts,Boston,Technology,Accessories,Laptop Sleeve,10,0.3,5503.19,1106.65
US-2024-100816,2024-04-16,2024-04-19,Standard Class,Matthew Rodriguez,Consumer,West,California,San Diego,Furniture,Bookcases,5-Shelf Bookcase,10,0.15,2841.53,435.36
US-2024-100956,2024-04-16,2024-04-21,Standard Class,Joseph Jackson,Consumer,East,Pennsylvania,Pittsburgh,Office Supplies,Labels,Address Labels,13,0.0,522.61,164.85
US-2024-101580,2024-04-16,2024-04-18,Same Day,David Smith,Consumer,Central,Texas,Houston,Technology,Accessories,USB-C Hub,14,0.1,1348.52,362.04
US-2024-101179,2024-04-17,2024-04-19,Second Class,Nancy Brown,Consumer,West,Oregon,Eugene,Office Supplies,Art,Highlighters,4,0.0,12.38,3.75
US-2024-100626,2024-04-17,2024-04-23,Second Class,Nancy Rodriguez,Consumer,South,Florida,Orlando,Technology,Copiers,Multifunction Printer,8,0.0,9532.19,407.6
US-2024-100159,2024-04-18,2024-04-19,Second Class,Susan Davis,Corporate,Central,Michigan,Detroit,Furniture,Furnishings,Wall Clock,13,0.2,7558.72,8.51
US-2024-101938,2024-04-18,2024-04-23,First Class,Susan Jackson,Home Office,South,North Carolina,Raleigh,Furniture,Furnishings,Wall Clock,4,0.3,2014.69,300.25
US-2024-101554,2024-04-20,2024-04-27,First Class,John Rodriguez,Consumer,East,Massachusetts,Worcester,Office Supplies,Binders,Heavy-Duty Binder,11,0.0,60.69,20.41
US-2024-100795,2024-04-20,2024-04-26,Standard Class,Robert Davis,Consumer,South,Florida,Tampa,Furniture,Tables,Glass Coffee Table,13,0.15,9821.35,1585.61
US-2024-101359,2024-04-20,2024-04-25,Standard Class,Linda Johnson,Corporate,East,New York,Buffalo,Office Supplies,Storage,Filing Cabinet,4,0.0,222.98,17.99
US-2024-101928,2024-04-20,2024-04-24,Standard Class,Susan Davis,Corporate,South,North Carolina,Charlotte,Technology,Phones,Cordless Phone,10,0.15,9538.64,-370.86
US-2024-100298,2024-04-21,2024-04-26,First Class,James Moore,Corporate,South,Alabama,Montgomery,Office Supplies,Paper,Sticky Notes,3,0.0,145.61,35.43
US-2024-100686,2024-04-21,2024-04-25,Standard Class,Robert Davis,Corporate,West,Arizona,Tucson,Office Supplies,Paper,Copy Paper 500ct,12,0.15,215.88,61.38
US-2024-100634,2024-04-22,2024-04-29,First Class,Sandra Moore,Consumer,South,Tennessee,Memphis,Technology,Copiers,Multifunction Printer,11,0.3,5789.32,244.3
US-2024-100085,2024-04-22,2024-04-28,Second Class,Richard Anderson,Home Office,South,Alabama,Montgomery,Technology,Phones,Smartphone X200,9,0.15,7213.24,464.5
US-2024-101659,2024-04-22,2024-04-26,First Class,Margaret Martin,Corporate,West,Nevada,Las Vegas,Furniture,Furnishings,Floor Mat,7,0.0,972.25,98.44
US-2024-101426,2024-04-23,2024-04-27,Second Class,John Lopez,Corporate,West,California,San Francisco,Furniture,Tables,Glass Coffee Table,4,0.4,1987.99,44.51
US-2024-100974,2024-04-23,2024-04-26,Standard Class,Lisa Rodriguez,Consumer,Central,Michigan,Ann Arbor,Furniture,Furnishings,Wall Clock,12,0.0,2188.07,365.9
US-2024-101824,2024-04-25,2024-04-27,Standard Class,Susan Garcia,Home Office,West,Nevada,Reno,Technology,Machines,Paper Shredder,9,0.1,8151.81,180.52
US-2024-100074,2024-04-25,2024-04-29,Standard Class,Matthew Garcia,Corporate,West,Oregon,Portland,Furniture,Bookcases,Corner Bookcase,10,0.2,515.29,39.28
US-2024-100740,2024-04-26,2024-04-27,Standard Class,John Miller,Corporate,East,Virginia,Arlington,Technology,Copiers,Multifunction Printer,9,0.2,7232.25,-126.36
US-2024-101338,2024-04-26,2024-05-01,Standard Class,Richard Gonzalez,Corporate,South,Georgia,Atlanta,Office Supplies,Binders,View Binder,11,0.1,369.15,64.45
US-2024-100035,2024-04-26,2024-04-29,First Class,Michael Moore,Consumer,East,Massachusetts,Worcester,Technology,Accessories,Laptop Sleeve,7,0.0,7234.83,1875.08
US-2024-101463,2024-04-26,2024-05-01,Second Class,James Rodriguez,Corporate,Central,Michigan,Detroit,Furniture,Furnishings,Desk Lamp,7,0.15,2962.54,295.19
US-2024-100681,2024-04-26,2024-04-27,Same Day,Sarah Smith,Corporate,South,North Carolina,Charlotte,Furniture,Tables,Adjustable Height Desk,13,0.1,7182.76,103.67
US-2024-100602,2024-04-26,2024-04-29,First Class,Sandra Moore,Home Office,South,North Carolina,Charlotte,Furniture,Bookcases,Corner Bookcase,10,0.0,861.72,74.09
US-2024-101424,2024-04-27,2024-04-28,Standard Class,Robert Johnson,Home Office,Central,Wisconsin,Madison,Office Supplies,Binders,Heavy-Duty Binder,9,0.3,118.83,34.61
US-2024-101753,2024-04-27,2024-05-04,First Class,Sarah Taylor,Consumer,East,Pennsylvania,Pittsburgh,Technology,Accessories,Wireless Mouse,13,0.1,1079.35,-22.78
US-2024-101777,2024-04-27,2024-05-01,Standard Class,Sarah Davis,Home Office,Central,Texas,Austin,Furniture,Tables,Adjustable Height Desk,6,0.1,2692.47,200.34
US-2024-101300,2024-04-27,2024-05-03,First Class,Elizabeth Martin,Home Office,South,Florida,Orlando,Office Supplies,Labels,Address Labels,14,0.2,45.73,13.59
US-2024-101539,2024-04-27,2024-05-04,Second Class,Mark Lopez,Home Office,East,Massachusetts,Boston,Office Supplies,Storage,Storage Box,10,0.0,430.37,120.11
US-2024-101740,2024-04-28,2024-04-29,Second Class,Sarah Taylor,Consumer,West,Washington,Seattle,Technology,Copiers,Multifunction Printer,14,0.2,2038.14,466.36
US-2024-101950,2024-04-28,2024-04-30,Standard Class,James Williams,Corporate,Central,Wisconsin,Milwaukee,Office Supplies,Art,Highlighters,3,0.3,84.0,7.26
US-2024-101333,2024-04-29,2024-05-05,Standard Class,Thomas Brown,Consumer,East,New York,Albany,Technology,Machines,Label Printer,14,0.15,8332.77,1796.07
US-2024-100888,2024-04-29,2024-05-01,Standard Class,Karen Williams,Corporate,East,Massachusetts,Worcester,Office Supplies,Binders,View Binder,7,0.3,139.73,14.28
US-2024-100586,2024-04-30,2024-05-05,Standard Class,Sarah Garcia,Consumer,Central,Ohio,Columbus,Office Supplies,Labels,Shipping Labels,6,0.2,260.09,61.81
US-2024-100327,2024-04-30,2024-05-04,Second Class,Robert Hernandez,Corporate,East,Massachusetts,Boston,Office Supplies,Paper,Copy Paper 500ct,3,0.1,149.89,18.8
US-2024-101930,2024-05-01,2024-05-02,Standard Class,John Thomas,Consumer,Central,Texas,Austin,Technology,Accessories,USB-C Hub,1,0.0,917.95,218.06
US-2024-101486,2024-05-01,2024-05-04,Standard Class,Karen Williams,Consumer,East,Massachusetts,Worcester,Technology,Phones,Smartphone X200,1,0.1,1036.09,131.35
US-2024-101136,2024-05-01,2024-05-02,Standard Class,Susan Johnson,Consumer,West,California,Los Angeles,Office Supplies,Labels,Shipping Labels,3,0.0,84.07,23.85
US-2024-101515,2024-05-01,2024-05-04,Standard Class,Karen Anderson,Consumer,Central,Michigan,Detroit,Office Supplies,Storage,Storage Bin,3,0.3,47.73,7.32
US-2024-101176,2024-05-02,2024-05-08,First Class,Linda Hernandez,Consumer,West,California,San Francisco,Technology,Phones,Smartphone X200,6,0.15,6055.33,-73.79
US-2024-101859,2024-05-02,2024-05-06,Second Class,Richard Lopez,Home Office,West,Arizona,Phoenix,Office Supplies,Paper,Copy Paper 500ct,7,0.15,82.58,5.31
US-2024-100624,2024-05-03,2024-05-08,Standard Class,Sandra Moore,Consumer,Central,Wisconsin,Milwaukee,Office Supplies,Labels,Address Labels,2,0.4,25.54,2.57
US-2024-101259,2024-05-03,2024-05-06,Second Class,Lisa Moore,Home Office,South,Georgia,Atlanta,Furniture,Tables,Glass Coffee Table,6,0.4,2366.57,-87.46
US-2024-101241,2024-05-03,2024-05-10,First Class,Jessica Smith,Consumer,Central,Ohio,Columbus,Office Supplies,Labels,Address Labels,7,0.15,172.02,48.9
US-2024-100647,2024-05-03,2024-05-05,First Class,Chris Brown,Corporate,East,Massachusetts,Boston,Technology,Accessories,Laptop Sleeve,6,0.0,2946.21,224.28
US-2024-101557,2024-05-03,2024-05-07,Second Class,Joseph Lopez,Home Office,South,Florida,Orlando,Office Supplies,Labels,Shipping Labels,14,0.4,69.18,9.82
US-2024-100104,2024-05-04,2024-05-06,Standard Class,William Rodriguez,Corporate,East,Massachusetts,Worcester,Technology,Machines,Laminator,8,0.1,3719.08,566.62
US-2024-101495,2024-05-05,2024-05-08,First Class,Susan Jackson,Consumer,Central,Texas,Austin,Technology,Copiers,Multifunction Printer,2,0.0,2209.7,77.41
US-2024-101303,2024-05-05,2024-05-09,Same Day,Anthony Taylor,Home Office,Central,Wisconsin,Madison,Office Supplies,Labels,Address Labels,2,0.0,72.87,20.83
US-2024-101396,2024-05-05,2024-05-12,First Class,Barbara Lopez,Consumer,West,Washington,Seattle,Furniture,Bookcases,5-Shelf Bookcase,7,0.0,2948.39,-100.2
US-2024-100815,2024-05-05,2024-05-06,Same Day,Susan Miller,Consumer,South,Florida,Tampa,Office Supplies,Labels,Shipping Labels,6,0.0,120.0,32.8
US-2024-101519,2024-05-06,2024-05-10,Second Class,Richard Brown,Consumer,East,Pennsylvania,Pittsburgh,Furniture,Bookcases,5-Shelf Bookcase,7,0.0,3673.39,369.65
US-2024-101305,2024-05-07,2024-05-14,Second Class,Robert Moore,Consumer,West,Nevada,Reno,Technology,Phones,Smartphone X200,3,0.3,1422.41,134.17
US-2024-101804,2024-05-07,2024-05-12,Same Day,Richard Brown,Consumer,West,Washington,Seattle,Furniture,Tables,Glass Coffee Table,13,0.2,2909.24,-1.27
US-2024-100971,2024-05-07,2024-05-13,Standard Class,Linda Johnson,Consumer,South,Florida,Miami,Technology,Phones,Smartphone X200,8,0.0,8426.43,579.35
US-2024-100319,2024-05-08,2024-05-09,Standard Class,Karen Miller,Consumer,South,Tennessee,Memphis,Office Supplies,Binders,Heavy-Duty Binder,10,0.0,595.13,207.76
US-2024-100439,2024-05-09,2024-05-15,Standard Class,Karen Miller,Consumer,South,Alabama,Montgomery,Office Supplies,Art,Ballpoint Pens (12pk),8,0.2,228.54,25.63
US-2024-100911,2024-05-09,2024-05-11,First Class,Sandra Smith,Consumer,West,Oregon,Eugene,Furniture,Chairs,Stackable Chair,6,0.3,1624.66,1.59
US-2024-101452,2024-05-09,2024-05-10,Standard Class,Linda Jones,Home Office,South,Florida,Orlando,Office Supplies,Art,Highlighters,4,0.0,137.63,15.96
US-2024-101744,2024-05-09,2024-05-14,First Class,Betty Hernandez,Home Office,East,New York,Albany,Technology,Phones,Phone Case,10,0.2,4038.91,993.63
US-2024-101699,2024-05-09,2024-05-13,Standard Class,Richard Lopez,Corporate,East,Massachusetts,Boston,Office Supplies,Art,Ballpoint Pens (12pk),9,0.4,94.94,9.93
US-2024-100671,2024-05-10,2024-05-14,Standard Class,Barbara Lopez,Consumer,Central,Wisconsin,Madison,Office Supplies,Art,Highlighters,1,0.0,5.76,1.34
US-2024-100698,2024-05-10,2024-05-17,Standard Class,Sarah Rodriguez,Consumer,East,New York,New York City,Office Supplies,Paper,Copy Paper 500ct,6,0.1,283.14,52.65
US-2024-100258,2024-05-11,2024-05-17,Standard Class,Robert Jackson,Corporate,Central,Ohio,Columbus,Furniture,Furnishings,Wall Clock,8,0.15,3601.15,270.2
US-2024-100616,2024-05-11,2024-05-15,First Class,Thomas Brown,Home Office,East,New Jersey,Jersey City,Office Supplies,Paper,Colored Cardstock,13,0.0,476.77,161.57
US-2024-100329,2024-05-11,2024-05-12,Standard Class,Thomas Rodriguez,Home Office,East,New York,New York City,Technology,Accessories,USB-C Hub,7,0.1,3542.74,496.58
US-2024-100179,2024-05-11,2024-05-18,First Class,Richard Rodriguez,Consumer,Central,Michigan,Ann Arbor,Office Supplies,Binders,3-Ring Binder,9,0.0,446.57,90.22
US-2024-101235,2024-05-11,2024-05-12,Same Day,Anthony Taylor,Consumer,Central,Wisconsin,Madison,Office Supplies,Paper,Sticky Notes,2,0.15,75.95,10.59
US-2024-101069,2024-05-14,2024-05-16,Second Class,Mary Davis,Corporate,Central,Illinois,Chicago,Furniture,Tables,Round Conference Table,4,0.2,270.07,-10.6
US-2024-100731,2024-05-14,2024-05-17,First Class,John Thomas,Consumer,Central,Ohio,Columbus,Office Supplies,Art,Markers Set,10,0.2,337.33,86.64
US-2024-100777,2024-05-15,2024-05-22,Standard Class,John Lopez,Home Office,East,Pennsylvania,Pittsburgh,Technology,Phones,Phone Case,4,0.0,1460.9,156.24
US-2024-100422,2024-05-15,2024-05-22,First Class,Matthew Garcia,Consumer,West,Arizona,Tucson,Furniture,Chairs,Mesh Task Chair,7,0.0,3584.21,-153.7
US-2024-100559,2024-05-16,2024-05-19,Second Class,Thomas Garcia,Corporate,East,Virginia,Arlington,Office Supplies,Binders,Heavy-Duty Binder,6,0.2,143.99,22.45
US-2024-100857,2024-05-16,2024-05-23,Second Class,Chris Brown,Corporate,West,Oregon,Portland,Furniture,Bookcases,5-Shelf Bookcase,4,0.1,2622.26,7.2
US-2024-101187,2024-05-16,2024-05-20,First Class,Lisa Rodriguez,Home Office,East,Pennsylvania,Philadelphia,Office Supplies,Binders,3-Ring Binder,10,0.0,305.26,71.75
US-2024-100039,2024-05-16,2024-05-23,Second Class,Thomas Garcia,Consumer,South,North Carolina,Raleigh,Technology,Machines,Paper Shredder,3,0.2,1005.49,231.71
US-2024-100920,2024-05-17,2024-05-19,Second Class,Sarah Taylor,Consumer,East,New York,Buffalo,Office Supplies,Labels,Shipping Labels,8,0.1,302.69,86.77
US-2024-101159,2024-05-17,2024-05-21,Same Day,James Moore,Consumer,East,New Jersey,Jersey City,Technology,Machines,Label Printer,9,0.2,6591.81,1727.26
US-2024-100806,2024-05-17,2024-05-21,Standard Class,Linda Davis,Corporate,East,New York,Buffalo,Technology,Phones,Cordless Phone,12,0.0,6500.57,-8.15
US-2024-101747,2024-05-18,2024-05-24,Second Class,Mark Hernandez,Consumer,West,Arizona,Phoenix,Office Supplies,Storage,Storage Bin,5,0.0,260.92,17.69
US-2024-100846,2024-05-19,2024-05-24,First Class,Betty Johnson,Corporate,East,Massachusetts,Boston,Technology,Machines,Paper Shredder,4,0.0,3241.01,174.1
US-2024-100876,2024-05-19,2024-05-21,Second Class,Lisa Anderson,Corporate,West,Arizona,Phoenix,Office Supplies,Paper,Copy Paper 500ct,3,0.3,43.54,11.63
US-2024-101288,2024-05-20,2024-05-23,First Class,Jennifer Anderson,Consumer,South,North Carolina,Raleigh,Office Supplies,Labels,Shipping Labels,2,0.0,23.97,3.98
US-2024-101039,2024-05-21,2024-05-23,Second Class,Michael Moore,Corporate,Central,Illinois,Chicago,Technology,Accessories,USB-C Hub,1,0.1,682.42,-22.6
US-2024-100839,2024-05-21,2024-05-26,Second Class,Robert Hernandez,Consumer,East,Virginia,Arlington,Technology,Phones,Phone Case,13,0.3,4200.37,491.26
US-2024-101275,2024-05-21,2024-05-27,Standard Class,Joseph Lopez,Consumer,West,Nevada,Las Vegas,Office Supplies,Paper,Sticky Notes,2,0.0,64.93,9.7
US-2024-101413,2024-05-22,2024-05-26,First Class,Linda Jones,Consumer,Central,Texas,Austin,Furniture,Furnishings,Wall Clock,7,0.2,4427.22,-0.66
US-2024-101743,2024-05-22,2024-05-26,First Class,Karen Hernandez,Corporate,East,Pennsylvania,Pittsburgh,Technology,Copiers,Multifunction Printer,1,0.15,907.98,230.57
US-2024-100729,2024-05-22,2024-05-24,Standard Class,Sarah Brown,Corporate,West,Washington,Seattle,Office Supplies,Paper,Copy Paper 500ct,10,0.0,29.04,9.5
US-2024-101910,2024-05-23,2024-05-25,Standard Class,Mark Lopez,Consumer,Central,Wisconsin,Milwaukee,Technology,Machines,Paper Shredder,3,0.1,2817.24,647.92
US-2024-101658,2024-05-23,2024-05-26,Standard Class,Margaret Martinez,Corporate,West,Nevada,Reno,Office Supplies,Storage,Filing Cabinet,7,0.1,303.96,90.32
US-2024-101960,2024-05-23,2024-05-24,Same Day,Robert Williams,Home Office,East,New York,New York City,Office Supplies,Paper,Colored Cardstock,3,0.4,96.62,12.05
US-2024-101679,2024-05-23,2024-05-28,Standard Class,Joseph Jackson,Corporate,West,California,Los Angeles,Technology,Phones,Smartphone X200,12,0.0,525.96,42.05
US-2024-101504,2024-05-23,2024-05-28,Standard Class,Matthew Martinez,Consumer,South,Georgia,Savannah,Technology,Copiers,Desktop Copier,13,0.0,449.05,63.3
US-2024-100847,2024-05-24,2024-05-25,Standard Class,Nancy Moore,Corporate,South,Alabama,Montgomery,Office Supplies,Labels,Address Labels,2,0.0,26.18,6.34
US-2024-101339,2024-05-24,2024-05-31,Standard Class,Linda Davis,Consumer,East,Virginia,Richmond,Furniture,Tables,Glass Coffee Table,4,0.0,1832.59,258.25
US-2024-100323,2024-05-24,2024-05-29,First Class,David Smith,Consumer,West,Oregon,Portland,Office Supplies,Paper,Sticky Notes,13,0.0,73.59,19.97
US-2024-100812,2024-05-26,2024-05-28,Standard Class,Richard Lopez,Corporate,South,Alabama,Montgomery,Technology,Copiers,Multifunction Printer,13,0.2,12415.69,563.39
US-2024-100665,2024-05-27,2024-06-02,First Class,John Davis,Home Office,West,Washington,Spokane,Office Supplies,Labels,Shipping Labels,2,0.3,70.84,18.89
US-2024-101031,2024-05-29,2024-06-02,Second Class,Robert Williams,Consumer,East,Massachusetts,Worcester,Office Supplies,Storage,Filing Cabinet,13,0.0,183.3,29.51
US-2024-100279,2024-05-29,2024-06-05,First Class,William Rodriguez,Consumer,East,Virginia,Richmond,Office Supplies,Binders,View Binder,10,0.1,357.07,35.4
US-2024-101224,2024-05-30,2024-06-06,Second Class,Susan Miller,Corporate,East,Virginia,Arlington,Furniture,Tables,Glass Coffee Table,8,0.2,5692.32,550.26
US-2024-100399,2024-05-30,2024-05-31,First Class,Joseph Brown,Consumer,West,California,San Francisco,Technology,Machines,Paper Shredder,13,0.0,9783.13,286.87
US-2024-101550,2024-05-30,2024-06-06,Standard Class,Elizabeth Martin,Corporate,Central,Wisconsin,Milwaukee,Furniture,Tables,Round Conference Table,5,0.0,1106.92,36.84
US-2024-100391,2024-05-30,2024-05-31,Second Class,Linda Jackson,Consumer,South,Tennessee,Nashville,Office Supplies,Labels,Shipping Labels,2,0.2,46.16,8.07
US-2024-100528,2024-05-30,2024-05-31,Standard Class,Joseph Brown,Corporate,East,New Jersey,Jersey City,Technology,Accessories,Laptop Sleeve,9,0.1,5807.66,59.5
US-2024-101907,2024-05-31,2024-06-04,Standard Class,Linda Hernandez,Consumer,Central,Wisconsin,Madison,Office Supplies,Labels,Shipping Labels,12,0.1,100.05,14.77
US-2024-100360,2024-05-31,2024-06-03,Second Class,Lisa Jackson,Consumer,East,New Jersey,Newark,Technology,Copiers,Multifunction Printer,9,0.4,3615.55,895.49
US-2024-101836,2024-05-31,2024-06-03,First Class,Susan Davis,Corporate,East,Pennsylvania,Philadelphia,Office Supplies,Storage,Storage Box,3,0.1,62.58,13.0
US-2024-100402,2024-06-01,2024-06-03,Standard Class,Margaret Brown,Home Office,West,Washington,Spokane,Technology,Phones,Smartphone X200,2,0.15,876.45,88.76
US-2024-101508,2024-06-01,2024-06-04,Same Day,Thomas Rodriguez,Corporate,Central,Texas,Austin,Office Supplies,Storage,Storage Box,7,0.0,293.25,69.82
US-2024-101042,2024-06-01,2024-06-08,First Class,Matthew Garcia,Corporate,West,Arizona,Tucson,Furniture,Tables,Adjustable Height Desk,3,0.0,2271.01,-48.43
US-2024-100211,2024-06-01,2024-06-03,Standard Class,Lisa Thomas,Home Office,Central,Ohio,Cleveland,Furniture,Bookcases,5-Shelf Bookcase,7,0.3,2529.32,259.42
US-2024-100786,2024-06-02,2024-06-06,First Class,Charles Davis,Home Office,East,Virginia,Arlington,Furniture,Tables,Glass Coffee Table,2,0.1,867.13,141.12
US-2024-100713,2024-06-02,2024-06-08,Second Class,Robert Hernandez,Consumer,South,North Carolina,Charlotte,Technology,Machines,Label Printer,11,0.1,6531.6,-428.43
US-2024-100294,2024-06-02,2024-06-03,First Class,Michael Thomas,Corporate,East,Virginia,Arlington,Furniture,Bookcases,5-Shelf Bookcase,13,0.3,4235.48,501.74
US-2024-101942,2024-06-03,2024-06-04,First Class,Karen Hernandez,Corporate,Central,Michigan,Ann Arbor,Office Supplies,Storage,Storage Bin,3,0.2,31.67,8.5
US-2024-101077,2024-06-03,2024-06-09,Second Class,Linda Hernandez,Home Office,Central,Texas,Dallas,Office Supplies,Paper,Copy Paper 500ct,6,0.2,222.88,28.35
US-2024-100076,2024-06-03,2024-06-08,Standard Class,Richard Lopez,Consumer,Central,Illinois,Springfield,Furniture,Chairs,Stackable Chair,1,0.4,232.79,1.94
US-2024-101125,2024-06-04,2024-06-06,Second Class,Margaret Martin,Corporate,West,California,San Francisco,Office Supplies,Art,Highlighters,8,0.1,205.22,57.4
US-2024-101483,2024-06-04,2024-06-11,Second Class,Betty Hernandez,Consumer,West,Washington,Spokane,Furniture,Bookcases,Corner Bookcase,10,0.0,3771.17,-126.16
US-2024-101206,2024-06-04,2024-06-07,Standard Class,Jessica Smith,Consumer,East,New Jersey,Jersey City,Technology,Copiers,Desktop Copier,7,0.1,5930.41,843.93
US-2024-100204,2024-06-04,2024-06-11,First Class,Sarah Rodriguez,Home Office,East,Massachusetts,Boston,Office Supplies,Binders,Heavy-Duty Binder,3,0.0,36.22,8.4
US-2024-100201,2024-06-04,2024-06-09,Second Class,Joseph Taylor,Home Office,South,Florida,Tampa,Office Supplies,Binders,Heavy-Duty Binder,4,0.2,91.07,27.62
US-2024-101223,2024-06-04,2024-06-10,First Class,Richard Anderson,Corporate,South,Tennessee,Memphis,Technology,Machines,Label Printer,9,0.15,7031.23,554.6
US-2024-100794,2024-06-05,2024-06-09,Standard Class,Anthony Williams,Home Office,Central,Ohio,Cleveland,Office Supplies,Paper,Sticky Notes,11,0.1,384.61,27.89
US-2024-101018,2024-06-05,2024-06-08,Standard Class,Barbara Lopez,Home Office,East,New York,Albany,Technology,Accessories,Laptop Sleeve,6,0.0,555.01,103.52
US-2024-100484,2024-06-05,2024-06-07,Standard Class,Thomas Brown,Consumer,South,North Carolina,Raleigh,Office Supplies,Binders,3-Ring Binder,1,0.15,50.38,11.48
US-2024-100147,2024-06-05,2024-06-07,Standard Class,Nancy Moore,Home Office,West,Washington,Spokane,Technology,Phones,Phone Case,12,0.2,9091.66,-76.27
US-2024-100420,2024-06-06,2024-06-09,Standard Class,Margaret Martin,Home Office,South,North Carolina,Raleigh,Technology,Copiers,Multifunction Printer,1,0.0,111.82,19.63
US-2024-100240,2024-06-07,2024-06-10,Standard Class,Linda Johnson,Home Office,West,Nevada,Reno,Office Supplies,Art,Highlighters,7,0.2,198.5,42.13
US-2024-100406,2024-06-07,2024-06-12,Standard Class,Michael Moore,Home Office,West,California,San Diego,Office Supplies,Paper,Sticky Notes,5,0.0,229.54,52.28
US-2024-100579,2024-06-07,2024-06-13,Second Class,Richard Brown,Home Office,West,Nevada,Las Vegas,Office Supplies,Paper,Copy Paper 500ct,12,0.15,302.1,59.78
US-2024-101112,2024-06-08,2024-06-09,Standard Class,Matthew Jones,Corporate,South,North Carolina,Raleigh,Office Supplies,Paper,Colored Cardstock,2,0.15,88.54,11.84
US-2024-100561,2024-06-09,2024-06-11,Standard Class,Matthew Hernandez,Consumer,South,Georgia,Atlanta,Technology,Accessories,USB-C Hub,13,0.15,5801.47,-355.14
US-2024-100509,2024-06-09,2024-06-13,Second Class,James Rodriguez,Corporate,South,Tennessee,Memphis,Furniture,Chairs,Mesh Task Chair,9,0.0,5890.62,665.04
US-2024-100001,2024-06-10,2024-06-12,First Class,Thomas Martin,Home Office,West,California,San Diego,Office Supplies,Paper,Copy Paper 500ct,5,0.3,50.49,9.68
US-2024-101115,2024-06-10,2024-06-17,Standard Class,Robert Davis,Consumer,West,Arizona,Tucson,Office Supplies,Storage,Filing Cabinet,9,0.15,348.56,78.37
US-2024-100607,2024-06-11,2024-06-18,Same Day,Daniel Wilson,Corporate,South,Florida,Miami,Technology,Copiers,Desktop Copier,9,0.1,3601.34,-197.24
US-2024-100690,2024-06-12,2024-06-13,Standard Class,Thomas Rodriguez,Home Office,East,Pennsylvania,Pittsburgh,Office Supplies,Binders,3-Ring Binder,3,0.15,22.9,3.32
US-2024-101993,2024-06-12,2024-06-15,Standard Class,Matthew Martinez,Corporate,East,Pennsylvania,Pittsburgh,Technology,Accessories,Wireless Mouse,11,0.4,1431.63,1.31
US-2024-101017,2024-06-13,2024-06-14,Standard Class,Karen Williams,Corporate,Central,Wisconsin,Madison,Technology,Copiers,Desktop Copier,12,0.0,5128.96,664.06
US-2024-101456,2024-06-13,2024-06-19,Same Day,Jennifer Anderson,Corporate,East,New York,Buffalo,Furniture,Bookcases,Corner Bookcase,2,0.3,734.2,126.74
US-2024-101727,2024-06-13,2024-06-17,First Class,Robert Davis,Consumer,East,Massachusetts,Worcester,Office Supplies,Labels,Shipping Labels,12,0.0,519.35,46.26
US-2024-101478,2024-06-13,2024-06-16,Same Day,Karen Anderson,Home Office,East,Pennsylvania,Pittsburgh,Technology,Machines,Paper Shredder,1,0.2,284.43,15.76
US-2024-100467,2024-06-14,2024-06-16,Same Day,James Moore,Corporate,East,New York,New York City,Technology,Copiers,Multifunction Printer,7,0.1,5288.53,648.96
US-2024-100086,2024-06-15,2024-06-18,Second Class,Sarah Davis,Consumer,West,California,San Diego,Furniture,Tables,Round Conference Table,14,0.0,1767.39,165.7
US-2024-100849,2024-06-15,2024-06-21,Standard Class,Thomas Garcia,Consumer,East,Massachusetts,Boston,Furniture,Chairs,Stackable Chair,5,0.0,2162.33,67.53
US-2024-101220,2024-06-15,2024-06-18,First Class,Michael Moore,Corporate,East,Massachusetts,Boston,Office Supplies,Binders,View Binder,14,0.0,522.45,171.02
US-2024-100597,2024-06-15,2024-06-18,Second Class,Richard Gonzalez,Consumer,West,California,San Diego,Office Supplies,Storage,Storage Bin,3,0.0,87.32,11.72
US-2024-101654,2024-06-15,2024-06-21,Standard Class,John Garcia,Corporate,Central,Ohio,Columbus,Technology,Accessories,Wireless Mouse,6,0.15,2333.91,220.78
US-2024-101853,2024-06-15,2024-06-16,Second Class,Matthew Jones,Consumer,West,Arizona,Tucson,Office Supplies,Labels,Shipping Labels,2,0.15,56.42,6.93
US-2024-101564,2024-06-16,2024-06-23,Same Day,Patricia Martinez,Consumer,Central,Michigan,Ann Arbor,Technology,Machines,Label Printer,1,0.3,809.77,-4.79
US-2024-101632,2024-06-16,2024-06-19,Standard Class,Anthony Taylor,Corporate,Central,Illinois,Chicago,Office Supplies,Labels,Shipping Labels,13,0.1,567.25,120.62
US-2024-101946,2024-06-16,2024-06-18,Standard Class,Michael Thomas,Corporate,Central,Illinois,Chicago,Technology,Copiers,Desktop Copier,10,0.2,1991.32,-94.74
US-2024-101455,2024-06-17,2024-06-23,First Class,Karen Hernandez,Corporate,South,Florida,Orlando,Office Supplies,Art,Highlighters,5,0.15,126.1,8.46
US-2024-101702,2024-06-17,2024-06-22,Standard Class,Richard Rodriguez,Consumer,East,New Jersey,Newark,Technology,Accessories,USB-C Hub,12,0.2,11307.76,1658.97
US-2024-101393,2024-06-17,2024-06-19,Second Class,Sarah Taylor,Consumer,South,Tennessee,Memphis,Furniture,Furnishings,Wall Clock,11,0.0,2500.67,59.5
US-2024-101441,2024-06-17,2024-06-19,Second Class,Patricia Lopez,Consumer,Central,Michigan,Detroit,Furniture,Tables,Round Conference Table,9,0.2,3421.93,72.63
US-2024-100981,2024-06-17,2024-06-19,Second Class,Patricia Williams,Corporate,South,North Carolina,Charlotte,Office Supplies,Paper,Sticky Notes,4,0.4,19.17,3.83
US-2024-101059,2024-06-18,2024-06-23,Standard Class,Linda Jackson,Corporate,South,Georgia,Savannah,Technology,Accessories,Laptop Sleeve,14,0.4,1801.81,124.88
US-2024-100025,2024-06-18,2024-06-24,Standard Class,Karen Hernandez,Corporate,West,Nevada,Reno,Furniture,Bookcases,Corner Bookcase,5,0.1,2598.15,363.53
US-2024-100295,2024-06-18,2024-06-19,Standard Class,Sarah Taylor,Corporate,East,New York,Albany,Technology,Accessories,Wireless Mouse,1,0.3,715.61,-43.52
US-2024-101304,2024-06-19,2024-06-25,Second Class,John Garcia,Home Office,Central,Texas,Austin,Technology,Phones,Smartphone X200,7,0.2,812.01,174.14
US-2024-101723,2024-06-19,2024-06-26,Second Class,Barbara Miller,Consumer,East,Pennsylvania,Philadelphia,Technology,Phones,Smartphone X200,1,0.0,1043.98,-25.89
US-2024-100272,2024-06-19,2024-06-26,Standard Class,John Garcia,Corporate,West,Oregon,Eugene,Office Supplies,Storage,Storage Box,5,0.15,162.08,26.42
US-2024-100672,2024-06-20,2024-06-22,First Class,Lisa Thomas,Home Office,West,Washington,Spokane,Office Supplies,Labels,Address Labels,12,0.0,486.31,34.12
US-2024-100863,2024-06-21,2024-06-26,Second Class,Karen Garcia,Consumer,East,Pennsylvania,Philadelphia,Office Supplies,Labels,Address Labels,2,0.0,42.52,12.97
US-2024-101888,2024-06-21,2024-06-28,Same Day,Joseph Jackson,Consumer,Central,Wisconsin,Milwaukee,Office Supplies,Labels,Address Labels,2,0.15,89.9,21.8
US-2024-100371,2024-06-21,2024-06-24,First Class,Robert Williams,Corporate,East,Pennsylvania,Philadelphia,Office Supplies,Labels,Address Labels,8,0.2,101.17,22.79
US-2024-100345,2024-06-21,2024-06-24,Standard Class,Daniel Martinez,Consumer,South,Tennessee,Nashville,Technology,Phones,Smartphone X200,2,0.0,939.31,-31.51
US-2024-101945,2024-06-22,2024-06-28,Standard Class,Charles Davis,Corporate,East,Virginia,Richmond,Furniture,Bookcases,Corner Bookcase,3,0.1,1165.26,14.88
US-2024-101911,2024-06-22,2024-06-29,Standard Class,Joseph Taylor,Corporate,West,Washington,Seattle,Furniture,Chairs,Mesh Task Chair,10,0.3,4264.59,88.1
US-2024-101980,2024-06-23,2024-06-30,First Class,Mark Martinez,Consumer,West,Oregon,Portland,Office Supplies,Art,Markers Set,5,0.0,89.36,12.44
US-2024-101186,2024-06-23,2024-06-26,Standard Class,David Taylor,Corporate,Central,Michigan,Detroit,Office Supplies,Binders,Heavy-Duty Binder,3,0.2,71.18,19.12
US-2024-101795,2024-06-23,2024-06-25,Standard Class,Jessica Smith,Consumer,East,Virginia,Richmond,Office Supplies,Paper,Colored Cardstock,9,0.1,90.82,14.89
US-2024-100165,2024-06-23,2024-06-27,Second Class,Linda Davis,Consumer,South,Alabama,Montgomery,Furniture,Chairs,Executive Leather Chair,1,0.0,338.66,-3.11
US-2024-100134,2024-06-24,2024-06-30,Second Class,Lisa Jackson,Consumer,West,Arizona,Phoenix,Office Supplies,Paper,Colored Cardstock,6,0.0,224.74,52.86
US-2024-101970,2024-06-25,2024-06-27,Standard Class,Susan Jackson,Corporate,Central,Illinois,Chicago,Office Supplies,Binders,View Binder,10,0.1,272.55,25.22
US-2024-101325,2024-06-25,2024-07-02,Standard Class,John Lopez,Consumer,Central,Michigan,Detroit,Office Supplies,Art,Markers Set,6,0.1,29.52,2.24
US-2024-100585,2024-06-25,2024-07-02,Standard Class,John Thomas,Consumer,East,Pennsylvania,Pittsburgh,Office Supplies,Storage,Storage Box,13,0.15,395.17,115.79
US-2024-100410,2024-06-25,2024-06-26,Same Day,Linda Jones,Consumer,South,Georgia,Atlanta,Office Supplies,Art,Highlighters,12,0.3,247.42,83.02
US-2024-100118,2024-06-26,2024-07-02,Standard Class,Linda Davis,Corporate,West,Arizona,Tucson,Office Supplies,Binders,3-Ring Binder,5,0.15,79.17,26.28
US-2024-100720,2024-06-26,2024-06-30,Standard Class,Michael Davis,Corporate,Central,Texas,Austin,Furniture,Bookcases,5-Shelf Bookcase,12,0.2,1875.98,333.18
US-2024-100879,2024-06-26,2024-06-30,Standard Class,Linda Johnson,Corporate,West,Oregon,Portland,Technology,Machines,Label Printer,6,0.1,4941.7,1274.01
US-2024-100005,2024-06-27,2024-06-29,Standard Class,Sandra Moore,Corporate,West,Arizona,Phoenix,Technology,Phones,Smartphone X200,1,0.15,210.3,-11.45
US-2024-101812,2024-06-27,2024-07-03,First Class,Robert Moore,Consumer,South,Alabama,Birmingham,Office Supplies,Labels,Address Labels,1,0.1,33.8,6.27
US-2024-100189,2024-06-27,2024-06-29,Standard Class,Nancy Rodriguez,Consumer,South,Tennessee,Nashville,Furniture,Tables,Glass Coffee Table,1,0.15,534.2,15.6
US-2024-100562,2024-06-27,2024-07-01,Standard Class,Thomas Garcia,Consumer,South,Florida,Tampa,Furniture,Chairs,Ergonomic Office Chair,6,0.1,1528.67,-23.48
US-2024-101073,2024-06-27,2024-07-01,Same Day,Matthew Garcia,Consumer,East,Massachusetts,Boston,Technology,Phones,Smartphone X200,9,0.15,9023.55,-730.92
US-2024-100676,2024-06-28,2024-06-30,Standard Class,Daniel Martinez,Home Office,South,Georgia,Savannah,Office Supplies,Labels,Shipping Labels,6,0.1,186.59,62.27
US-2024-100908,2024-06-28,2024-07-01,Standard Class,Joseph Smith,Home Office,East,Pennsylvania,Pittsburgh,Office Supplies,Paper,Colored Cardstock,11,0.15,234.86,15.4
US-2024-100944,2024-06-28,2024-07-05,Standard Class,Sarah Davis,Consumer,Central,Illinois,Springfield,Furniture,Tables,Round Conference Table,9,0.15,4805.33,308.12
US-2024-101919,2024-06-29,2024-07-04,Second Class,James Moore,Corporate,West,Washington,Spokane,Office Supplies,Binders,3-Ring Binder,4,0.0,157.23,18.47
US-2024-100096,2024-06-29,2024-07-02,Standard Class,Robert Hernandez,Consumer,East,Virginia,Arlington,Technology,Copiers,Multifunction Printer,9,0.15,6682.14,-180.01
US-2024-101631,2024-06-30,2024-07-02,Standard Class,Lisa Thomas,Consumer,East,Pennsylvania,Philadelphia,Technology,Accessories,Laptop Sleeve,11,0.0,12061.12,1466.7
US-2024-100415,2024-06-30,2024-07-05,Second Class,James Moore,Home Office,East,New York,Buffalo,Technology,Accessories,Laptop Sleeve,6,0.0,6231.06,1412.37
US-2024-101122,2024-07-01,2024-07-08,Second Class,Nancy Rodriguez,Corporate,East,New Jersey,Jersey City,Furniture,Furnishings,Desk Lamp,2,0.0,1557.38,237.1
US-2024-100930,2024-07-01,2024-07-05,Standard Class,Susan Garcia,Corporate,South,North Carolina,Charlotte,Technology,Machines,Paper Shredder,1,0.2,763.75,207.46
US-2024-101274,2024-07-01,2024-07-08,Standard Class,Sandra Smith,Home Office,East,New Jersey,Newark,Office Supplies,Paper,Sticky Notes,6,0.0,28.26,3.54
US-2024-101574,2024-07-02,2024-07-08,First Class,Karen Garcia,Consumer,Central,Wisconsin,Milwaukee,Technology,Machines,Paper Shredder,6,0.2,578.26,-39.53
US-2024-100620,2024-07-02,2024-07-06,Standard Class,Patricia Williams,Consumer,Central,Wisconsin,Milwaukee,Office Supplies,Labels,Address Labels,14,0.1,237.27,51.22
US-2024-100231,2024-07-02,2024-07-06,Standard Class,Sandra Moore,Corporate,East,New Jersey,Jersey City,Office Supplies,Paper,Colored Cardstock,10,0.2,143.86,41.02
US-2024-101514,2024-07-02,2024-07-08,Standard Class,Sandra Jackson,Home Office,East,Pennsylvania,Philadelphia,Office Supplies,Binders,View Binder,5,0.1,226.1,12.56
US-2024-100149,2024-07-03,2024-07-08,Standard Class,Susan Garcia,Consumer,West,Nevada,Reno,Office Supplies,Labels,Shipping Labels,10,0.3,47.94,4.63
US-2024-101083,2024-07-04,2024-07-05,Standard Class,Karen Williams,Consumer,South,Tennessee,Memphis,Technology,Phones,Phone Case,7,0.2,1043.12,-33.89
US-2024-100217,2024-07-04,2024-07-09,Second Class,Linda Johnson,Consumer,Central,Texas,Austin,Technology,Accessories,Wireless Mouse,2,0.0,2174.3,206.06
US-2024-100965,2024-07-04,2024-07-11,Standard Class,Nancy Brown,Corporate,Central,Texas,Houston,Office Supplies,Art,Highlighters,13,0.0,323.74,79.09
US-2024-100685,2024-07-05,2024-07-09,First Class,Nancy Rodriguez,Home Office,West,Arizona,Tucson,Furniture,Furnishings,Desk Lamp,5,0.15,2307.09,401.6
US-2024-100020,2024-07-05,2024-07-11,Same Day,Robert Miller,Home Office,South,Tennessee,Nashville,Technology,Machines,Laminator,12,0.0,3456.36,95.84
US-2024-100784,2024-07-05,2024-07-12,First Class,Mark Martinez,Consumer,West,Nevada,Reno,Office Supplies,Storage,Storage Bin,2,0.3,50.47,17.58
US-2024-101092,2024-07-05,2024-07-10,Second Class,Charles Davis,Consumer,West,California,San Francisco,Technology,Machines,Paper Shredder,2,0.0,638.83,168.32
US-2024-101688,2024-07-06,2024-07-09,Standard Class,Karen Hernandez,Home Office,West,Arizona,Phoenix,Technology,Machines,Laminator,8,0.0,1873.37,325.97
US-2024-100656,2024-07-06,2024-07-13,Standard Class,Linda Jones,Consumer,Central,Texas,Dallas,Technology,Accessories,Laptop Sleeve,13,0.1,5473.92,1006.16
US-2024-100070,2024-07-06,2024-07-13,First Class,Richard Lopez,Consumer,South,Georgia,Atlanta,Technology,Accessories,Wireless Mouse,12,0.2,4070.54,-156.09
US-2024-101468,2024-07-06,2024-07-11,Standard Class,Matthew Hernandez,Consumer,Central,Ohio,Cleveland,Furniture,Bookcases,5-Shelf Bookcase,12,0.0,1374.73,132.45
US-2024-100658,2024-07-08,2024-07-12,Second Class,Daniel Williams,Corporate,Central,Illinois,Chicago,Office Supplies,Labels,Shipping Labels,8,0.0,21.83,4.12
US-2024-101739,2024-07-08,2024-07-10,First Class,Joseph Brown,Corporate,Central,Illinois,Chicago,Office Supplies,Storage,Storage Box,11,0.1,116.83,20.05
US-2024-100782,2024-07-08,2024-07-14,Standard Class,Sarah Brown,Corporate,West,Nevada,Las Vegas,Technology,Machines,Label Printer,2,0.0,97.95,15.53
US-2024-101093,2024-07-08,2024-07-14,Standard Class,Charles Miller,Corporate,West,Nevada,Las Vegas,Office Supplies,Labels,Shipping Labels,5,0.0,154.27,41.59
US-2024-100414,2024-07-08,2024-07-13,Standard Class,Matthew Hernandez,Corporate,West,Arizona,Tucson,Office Supplies,Binders,Heavy-Duty Binder,13,0.1,410.37,35.33
US-2024-100206,2024-07-09,2024-07-15,Same Day,Richard Lopez,Corporate,East,Virginia,Arlington,Technology,Accessories,Laptop Sleeve,11,0.1,4376.97,256.67
US-2024-101137,2024-07-10,2024-07-15,Standard Class,Richard Rodriguez,Consumer,Central,Illinois,Springfield,Technology,Copiers,Desktop Copier,1,0.0,737.75,19.73
US-2024-100078,2024-07-10,2024-07-14,Standard Class,Linda Johnson,Consumer,South,Florida,Orlando,Furniture,Tables,Round Conference Table,5,0.3,317.67,-12.39
US-2024-100405,2024-07-11,2024-07-16,Second Class,Joseph Taylor,Consumer,Central,Michigan,Detroit,Technology,Accessories,Laptop Sleeve,13,0.2,4513.01,1059.52
US-2024-101397,2024-07-11,2024-07-15,Same Day,Chris Brown,Consumer,West,Washington,Spokane,Furniture,Bookcases,Corner Bookcase,14,0.15,2617.67,153.23
US-2024-101246,2024-07-12,2024-07-19,Same Day,Sarah Garcia,Consumer,West,Arizona,Tucson,Office Supplies,Labels,Shipping Labels,1,0.0,51.72,9.94
US-2024-101189,2024-07-13,2024-07-14,Standard Class,Sandra Jackson,Consumer,West,California,San Francisco,Furniture,Furnishings,Wall Clock,14,0.0,1680.29,-0.52
US-2024-100755,2024-07-13,2024-07-19,First Class,Barbara Miller,Consumer,Central,Michigan,Ann Arbor,Office Supplies,Art,Markers Set,4,0.1,42.81,6.31
US-2024-101178,2024-07-13,2024-07-20,First Class,William Rodriguez,Corporate,Central,Ohio,Columbus,Office Supplies,Storage,Storage Bin,2,0.0,109.28,17.66
US-2024-100105,2024-07-14,2024-07-19,Second Class,James Williams,Consumer,East,Pennsylvania,Philadelphia,Office Supplies,Labels,Shipping Labels,4,0.1,38.49,4.3
US-2024-101009,2024-07-14,2024-07-15,First Class,Sarah Garcia,Consumer,South,Tennessee,Nashville,Office Supplies,Art,Highlighters,2,0.0,87.19,10.68
US-2024-101322,2024-07-14,2024-07-17,First Class,Anthony Williams,Consumer,South,North Carolina,Charlotte,Office Supplies,Binders,3-Ring Binder,1,0.0,45.09,5.07
US-2024-100286,2024-07-14,2024-07-17,Standard Class,Richard Lopez,Corporate,East,Virginia,Arlington,Office Supplies,Art,Ballpoint Pens (12pk),10,0.0,495.67,76.68
US-2024-101726,2024-07-14,2024-07-20,Second Class,Sarah Brown,Consumer,East,New Jersey,Newark,Technology,Accessories,USB-C Hub,8,0.0,8113.52,-711.02
US-2024-101872,2024-07-15,2024-07-17,Standard Class,Linda Jackson,Consumer,West,California,San Diego,Office Supplies,Storage,Storage Bin,4,0.4,15.05,3.66
US-2024-100055,2024-07-15,2024-07-21,Second Class,Thomas Rodriguez,Consumer,South,Florida,Miami,Office Supplies,Paper,Copy Paper 500ct,6,0.1,197.9,56.98
US-2024-100799,2024-07-17,2024-07-21,Standard Class,Linda Hernandez,Corporate,South,North Carolina,Raleigh,Office Supplies,Paper,Colored Cardstock,1,0.1,44.19,9.51
US-2024-100765,2024-07-17,2024-07-18,First Class,Linda Hernandez,Consumer,West,California,Los Angeles,Technology,Copiers,Multifunction Printer,11,0.15,2227.71,51.52
US-2024-100003,2024-07-17,2024-07-18,Standard Class,Matthew Jones,Home Office,South,Georgia,Savannah,Furniture,Furnishings,Desk Lamp,1,0.0,607.8,74.95
US-2024-100984,2024-07-17,2024-07-23,First Class,Linda Jackson,Consumer,Central,Illinois,Chicago,Office Supplies,Binders,View Binder,3,0.15,50.85,14.6
US-2024-100884,2024-07-17,2024-07-23,First Class,Robert Hernandez,Consumer,West,Arizona,Tucson,Technology,Machines,Laminator,9,0.1,2458.22,377.26
US-2024-101232,2024-07-17,2024-07-19,Second Class,Robert Miller,Corporate,West,Arizona,Phoenix,Office Supplies,Art,Ballpoint Pens (12pk),11,0.1,189.75,11.21
US-2024-100843,2024-07-17,2024-07-24,Standard Class,Margaret Martin,Consumer,Central,Texas,Houston,Office Supplies,Labels,Address Labels,9,0.3,41.71,8.92
US-2024-101155,2024-07-18,2024-07-24,First Class,William Rodriguez,Consumer,South,Florida,Miami,Office Supplies,Paper,Sticky Notes,6,0.0,52.44,12.56
US-2024-101990,2024-07-18,2024-07-22,Standard Class,Sandra Moore,Home Office,East,New Jersey,Jersey City,Office Supplies,Art,Markers Set,2,0.1,61.31,8.39
US-2024-100593,2024-07-18,2024-07-21,Same Day,Robert Williams,Corporate,East,Massachusetts,Worcester,Technology,Accessories,USB-C Hub,14,0.15,4081.89,988.48
US-2024-100834,2024-07-19,2024-07-22,Standard Class,Thomas Garcia,Home Office,West,Arizona,Tucson,Technology,Phones,Cordless Phone,13,0.15,13121.37,-313.63
US-2024-101847,2024-07-19,2024-07-21,Standard Class,Linda Johnson,Consumer,West,Arizona,Tucson,Office Supplies,Binders,3-Ring Binder,10,0.0,82.66,11.2
US-2024-100008,2024-07-20,2024-07-22,First Class,Patricia Lopez,Consumer,West,Arizona,Tucson,Technology,Phones,Smartphone X200,5,0.15,1832.47,-8.38
US-2024-101671,2024-07-20,2024-07-21,Standard Class,Karen Anderson,Home Office,West,Nevada,Las Vegas,Furniture,Chairs,Executive Leather Chair,5,0.15,1178.51,-21.69
US-2024-100066,2024-07-21,2024-07-28,Standard Class,Thomas Rodriguez,Corporate,Central,Texas,Austin,Technology,Phones,Phone Case,12,0.15,9970.34,-425.46
US-2024-100084,2024-07-21,2024-07-26,Standard Class,Richard Rodriguez,Consumer,East,New Jersey,Newark,Furniture,Tables,Round Conference Table,6,0.3,1901.01,-66.3
US-2024-101904,2024-07-22,2024-07-28,Second Class,Robert Moore,Corporate,East,Massachusetts,Worcester,Technology,Accessories,Laptop Sleeve,2,0.15,1896.6,509.6
US-2024-101182,2024-07-22,2024-07-27,First Class,Karen Rodriguez,Home Office,East,New Jersey,Jersey City,Technology,Copiers,Multifunction Printer,14,0.0,7244.23,314.07
US-2024-100419,2024-07-22,2024-07-26,Standard Class,Robert Hernandez,Corporate,East,Pennsylvania,Pittsburgh,Office Supplies,Paper,Copy Paper 500ct,1,0.0,28.95,1.45
US-2024-101099,2024-07-22,2024-07-24,First Class,Karen Anderson,Consumer,East,New Jersey,Jersey City,Office Supplies,Binders,3-Ring Binder,14,0.15,52.2,6.32
US-2024-100599,2024-07-23,2024-07-25,Standard Class,Susan Garcia,Consumer,East,Massachusetts,Worcester,Furniture,Chairs,Ergonomic Office Chair,7,0.15,649.81,14.44
US-2024-100485,2024-07-23,2024-07-30,Second Class,Linda Johnson,Consumer,South,North Carolina,Charlotte,Furniture,Chairs,Mesh Task Chair,9,0.2,5170.45,382.44
US-2024-101435,2024-07-23,2024-07-28,First Class,Robert Johnson,Corporate,East,New York,New York City,Technology,Accessories,USB-C Hub,1,0.15,956.11,38.56
US-2024-101941,2024-07-24,2024-07-29,Same Day,John Rodriguez,Home Office,East,Virginia,Arlington,Office Supplies,Labels,Shipping Labels,6,0.2,267.02,86.27
US-2024-100048,2024-07-24,2024-07-27,Second Class,Linda Johnson,Home Office,Central,Texas,Dallas,Technology,Accessories,Wireless Mouse,2,0.1,1184.02,144.61
US-2024-100775,2024-07-24,2024-07-27,First Class,Karen Miller,Consumer,West,Nevada,Las Vegas,Furniture,Chairs,Mesh Task Chair,5,0.15,335.54,-0.15
US-2024-101595,2024-07-24,2024-07-29,Standard Class,Betty Hernandez,Corporate,Central,Ohio,Columbus,Technology,Phones,Phone Case,13,0.0,8360.12,-338.54
US-2024-101638,2024-07-26,2024-07-28,Second Class,Susan Garcia,Home Office,Central,Ohio,Columbus,Furniture,Tables,Glass Coffee Table,9,0.0,4065.51,-99.83
US-2024-101918,2024-07-26,2024-07-31,First Class,Joseph Brown,Corporate,South,Georgia,Atlanta,Office Supplies,Binders,Heavy-Duty Binder,9,0.1,276.34,74.8
US-2024-100106,2024-07-26,2024-07-30,Standard Class,James Williams,Corporate,West,Arizona,Tucson,Technology,Copiers,Desktop Copier,11,0.2,4340.69,-359.37
US-2024-100409,2024-07-26,2024-07-31,Standard Class,Sarah Smith,Consumer,West,Nevada,Las Vegas,Office Supplies,Art,Ballpoint Pens (12pk),13,0.1,202.34,66.63
US-2024-101948,2024-07-26,2024-07-28,Standard Class,Richard Gonzalez,Consumer,West,Oregon,Eugene,Office Supplies,Binders,3-Ring Binder,2,0.15,25.29,4.88
US-2024-100507,2024-07-27,2024-07-30,Standard Class,Richard Lopez,Corporate,South,Georgia,Atlanta,Furniture,Tables,Adjustable Height Desk,6,0.0,2620.35,121.51
US-2024-101420,2024-07-28,2024-07-29,First Class,Susan Garcia,Corporate,Central,Illinois,Chicago,Furniture,Tables,Adjustable Height Desk,7,0.1,1267.84,-6.36
US-2024-101616,2024-07-28,2024-08-01,Second Class,Richard Lopez,Consumer,Central,Texas,Houston,Office Supplies,Storage,Storage Bin,13,0.0,466.24,33.01
US-2024-100883,2024-07-28,2024-08-03,Standard Class,Linda Johnson,Corporate,West,Nevada,Las Vegas,Office Supplies,Binders,View Binder,3,0.0,177.2,15.02
US-2024-100572,2024-07-28,2024-07-30,Standard Class,Linda Jackson,Corporate,Central,Texas,Houston,Office Supplies,Storage,Filing Cabinet,2,0.1,18.49,2.54
US-2024-101479,2024-07-28,2024-08-01,Standard Class,Barbara Lopez,Corporate,East,Massachusetts,Worcester,Office Supplies,Paper,Sticky Notes,2,0.3,59.88,5.23
US-2024-101573,2024-07-29,2024-07-31,Standard Class,Susan Miller,Corporate,South,Georgia,Atlanta,Office Supplies,Storage,Storage Box,9,0.2,161.74,29.92
US-2024-100995,2024-07-29,2024-08-04,Standard Class,Sarah Davis,Consumer,West,Washington,Spokane,Furniture,Bookcases,5-Shelf Bookcase,12,0.1,7479.74,-372.22
US-2024-100515,2024-07-30,2024-08-03,Standard Class,Linda Johnson,Consumer,West,California,Los Angeles,Office Supplies,Storage,Storage Bin,14,0.0,297.39,70.85
US-2024-100264,2024-07-30,2024-08-04,Standard Class,Mark Lopez,Home Office,Central,Wisconsin,Madison,Technology,Copiers,Multifunction Printer,4,0.1,3244.16,-324.17
US-2024-100643,2024-07-31,2024-08-04,Second Class,Sandra Moore,Consumer,South,North Carolina,Charlotte,Technology,Accessories,USB-C Hub,11,0.15,7952.24,478.21
US-2024-100573,2024-07-31,2024-08-04,Second Class,Barbara Lopez,Home Office,Central,Illinois,Springfield,Office Supplies,Binders,View Binder,11,0.2,428.16,74.88
US-2024-101240,2024-07-31,2024-08-05,Standard Class,Richard Rodriguez,Corporate,East,Pennsylvania,Philadelphia,Technology,Accessories,Laptop Sleeve,3,0.1,310.57,-10.18
US-2024-100249,2024-07-31,2024-08-04,Second Class,Susan Garcia,Corporate,Central,Wisconsin,Madison,Furniture,Tables,Glass Coffee Table,9,0.1,4839.11,10.84
US-2024-101101,2024-08-01,2024-08-03,Second Class,Linda Jackson,Consumer,Central,Illinois,Chicago,Technology,Machines,Laminator,14,0.4,8553.42,778.43
US-2024-100692,2024-08-01,2024-08-02,First Class,Barbara Lopez,Consumer,West,Nevada,Reno,Furniture,Bookcases,Corner Bookcase,3,0.0,1486.93,129.55
US-2024-101560,2024-08-01,2024-08-08,Second Class,Richard Gonzalez,Consumer,South,Tennessee,Memphis,Office Supplies,Storage,Filing Cabinet,7,0.0,104.47,29.01
US-2024-101792,2024-08-02,2024-08-09,Standard Class,Matthew Hernandez,Consumer,East,New York,New York City,Office Supplies,Labels,Address Labels,11,0.15,299.09,87.1
US-2024-100925,2024-08-03,2024-08-08,Standard Class,Karen Anderson,Consumer,East,Massachusetts,Boston,Technology,Accessories,Wireless Mouse,4,0.2,3672.8,449.43
US-2024-100829,2024-08-03,2024-08-10,Same Day,Mark Martinez,Corporate,South,North Carolina,Raleigh,Furniture,Bookcases,Corner Bookcase,12,0.0,2574.34,-73.52
US-2024-100625,2024-08-03,2024-08-10,Standard Class,Margaret Martin,Home Office,South,Alabama,Birmingham,Furniture,Furnishings,Floor Mat,4,0.2,350.41,49.72
US-2024-100669,2024-08-04,2024-08-10,Same Day,Patricia Williams,Consumer,Central,Texas,Houston,Technology,Machines,Paper Shredder,5,0.2,1500.04,16.63
US-2024-101148,2024-08-04,2024-08-05,Standard Class,Linda Jackson,Consumer,South,Tennessee,Nashville,Office Supplies,Labels,Address Labels,2,0.15,43.45,3.38
US-2024-100734,2024-08-05,2024-08-06,Second Class,Robert Jackson,Corporate,East,Massachusetts,Boston,Office Supplies,Labels,Address Labels,3,0.1,154.23,37.51
US-2024-100457,2024-08-05,2024-08-07,Same Day,Susan Miller,Corporate,South,North Carolina,Raleigh,Technology,Phones,Phone Case,5,0.15,5007.59,819.31
US-2024-101878,2024-08-05,2024-08-11,Standard Class,Mark Lopez,Home Office,West,Arizona,Phoenix,Furniture,Bookcases,5-Shelf Bookcase,11,0.15,4170.41,-40.94
US-2024-100845,2024-08-05,2024-08-11,Standard Class,Lisa Rodriguez,Consumer,Central,Ohio,Columbus,Office Supplies,Labels,Address Labels,14,0.2,550.04,149.26
US-2024-101655,2024-08-05,2024-08-06,Standard Class,Robert Hernandez,Corporate,West,Arizona,Tucson,Technology,Copiers,Multifunction Printer,11,0.15,6706.2,1731.56
US-2024-100446,2024-08-06,2024-08-10,Standard Class,Daniel Williams,Consumer,South,Tennessee,Nashville,Technology,Phones,Phone Case,11,0.15,1421.63,121.8
US-2024-100771,2024-08-06,2024-08-12,Standard Class,Linda Johnson,Home Office,East,New York,New York City,Office Supplies,Binders,Heavy-Duty Binder,12,0.15,428.46,81.04
US-2024-101047,2024-08-07,2024-08-14,Second Class,Elizabeth Martin,Corporate,East,Massachusetts,Boston,Office Supplies,Binders,Heavy-Duty Binder,12,0.2,222.64,14.14
US-2024-101873,2024-08-07,2024-08-09,Same Day,Daniel Williams,Home Office,Central,Michigan,Detroit,Office Supplies,Storage,Filing Cabinet,14,0.3,31.79,5.11
US-2024-100546,2024-08-08,2024-08-12,Standard Class,James Moore,Corporate,South,Florida,Tampa,Technology,Accessories,Wireless Mouse,1,0.15,476.71,114.99
US-2024-100427,2024-08-08,2024-08-15,Standard Class,James Moore,Consumer,East,New York,Buffalo,Technology,Copiers,Multifunction Printer,1,0.4,502.06,12.6
US-2024-100125,2024-08-08,2024-08-13,Second Class,Charles Miller,Corporate,Central,Ohio,Columbus,Office Supplies,Art,Ballpoint Pens (12pk),3,0.0,35.49,3.55
US-2024-101838,2024-08-08,2024-08-10,Second Class,Linda Jones,Home Office,Central,Wisconsin,Madison,Office Supplies,Binders,Heavy-Duty Binder,11,0.0,281.81,51.6
US-2024-101192,2024-08-09,2024-08-10,First Class,Patricia Williams,Consumer,East,Virginia,Richmond,Furniture,Tables,Adjustable Height Desk,14,0.4,3239.02,257.63
US-2024-101260,2024-08-09,2024-08-12,Standard Class,Matthew Hernandez,Consumer,East,Pennsylvania,Philadelphia,Office Supplies,Binders,View Binder,12,0.1,192.17,33.14
US-2024-101548,2024-08-10,2024-08-11,First Class,Karen Williams,Consumer,West,Arizona,Tucson,Technology,Phones,Phone Case,4,0.1,2549.18,-140.74
US-2024-100958,2024-08-10,2024-08-17,Standard Class,Richard Lopez,Corporate,Central,Wisconsin,Milwaukee,Technology,Copiers,Multifunction Printer,13,0.1,7643.18,-365.08
US-2024-100152,2024-08-10,2024-08-16,First Class,Joseph Brown,Consumer,Central,Texas,Dallas,Technology,Accessories,USB-C Hub,12,0.3,277.24,10.62
US-2024-100726,2024-08-11,2024-08-17,First Class,Richard Gonzalez,Corporate,South,Alabama,Birmingham,Technology,Phones,Phone Case,9,0.0,7042.88,79.76
US-2024-101292,2024-08-12,2024-08-16,First Class,James Jackson,Corporate,West,Arizona,Tucson,Office Supplies,Labels,Shipping Labels,3,0.0,64.57,10.77
US-2024-101881,2024-08-12,2024-08-14,Standard Class,Thomas Rodriguez,Consumer,West,Washington,Spokane,Technology,Phones,Phone Case,4,0.0,1116.31,-19.69
US-2024-101808,2024-08-13,2024-08-17,Second Class,Karen Garcia,Consumer,East,Massachusetts,Boston,Technology,Accessories,USB-C Hub,3,0.1,1722.63,343.77
US-2024-101741,2024-08-13,2024-08-14,Same Day,Lisa Jackson,Home Office,South,Florida,Tampa,Technology,Machines,Label Printer,2,0.1,687.27,-47.38
US-2024-101336,2024-08-13,2024-08-18,Second Class,Linda Jackson,Consumer,South,North Carolina,Charlotte,Office Supplies,Labels,Shipping Labels,6,0.3,45.94,7.65
US-2024-100913,2024-08-13,2024-08-14,First Class,Sarah Garcia,Home Office,Central,Michigan,Detroit,Furniture,Bookcases,5-Shelf Bookcase,14,0.0,2171.2,151.89
US-2024-100198,2024-08-13,2024-08-19,First Class,Robert Johnson,Consumer,West,Nevada,Reno,Furniture,Bookcases,Corner Bookcase,10,0.1,2233.33,241.86
US-2024-100545,2024-08-13,2024-08-20,Standard Class,Patricia Martinez,Home Office,Central,Wisconsin,Milwaukee,Office Supplies,Binders,Heavy-Duty Binder,7,0.15,228.39,25.38
US-2024-100367,2024-08-13,2024-08-17,Standard Class,Karen Rodriguez,Corporate,Central,Wisconsin,Madison,Technology,Accessories,Wireless Mouse,4,0.0,4510.32,1010.56
US-2024-101381,2024-08-14,2024-08-17,Standard Class,Matthew Moore,Consumer,Central,Wisconsin,Madison,Office Supplies,Labels,Shipping Labels,12,0.15,91.58,30.91
US-2024-100645,2024-08-14,2024-08-18,Standard Class,Matthew Martinez,Consumer,Central,Ohio,Cleveland,Office Supplies,Paper,Sticky Notes,10,0.3,221.95,73.88
US-2024-100926,2024-08-14,2024-08-21,Second Class,Charles Miller,Corporate,Central,Illinois,Chicago,Office Supplies,Paper,Colored Cardstock,9,0.1,277.38,67.51
US-2024-101149,2024-08-14,2024-08-20,Second Class,Margaret Brown,Corporate,East,Pennsylvania,Philadelphia,Technology,Accessories,USB-C Hub,8,0.1,3486.24,961.56
US-2024-101678,2024-08-15,2024-08-18,Standard Class,Betty Wilson,Consumer,West,California,San Francisco,Technology,Phones,Cordless Phone,12,0.15,8652.5,-688.66
US-2024-100094,2024-08-15,2024-08-20,Same Day,Lisa Thomas,Consumer,West,Nevada,Reno,Technology,Phones,Phone Case,4,0.15,780.3,-34.21
US-2024-101345,2024-08-15,2024-08-21,Standard Class,Margaret Brown,Consumer,South,Tennessee,Nashville,Furniture,Bookcases,5-Shelf Bookcase,12,0.0,6670.37,144.46
US-2024-101807,2024-08-16,2024-08-19,Standard Class,Karen Garcia,Consumer,East,Massachusetts,Worcester,Office Supplies,Labels,Address Labels,6,0.2,237.96,30.32
US-2024-101799,2024-08-17,2024-08-21,First Class,Lisa Thomas,Home Office,West,California,San Diego,Technology,Accessories,Wireless Mouse,3,0.0,1730.59,347.66
US-2024-101555,2024-08-17,2024-08-24,Standard Class,Mary Davis,Consumer,South,Georgia,Atlanta,Office Supplies,Art,Ballpoint Pens (12pk),7,0.3,215.15,68.6
US-2024-101665,2024-08-17,2024-08-20,Standard Class,Karen Garcia,Consumer,South,Alabama,Montgomery,Office Supplies,Binders,View Binder,1,0.1,23.09,4.53
US-2024-101458,2024-08-17,2024-08-22,Second Class,Joseph Smith,Home Office,South,Alabama,Birmingham,Furniture,Tables,Glass Coffee Table,1,0.0,389.25,48.9
US-2024-101845,2024-08-17,2024-08-18,Standard Class,Matthew Moore,Corporate,South,Tennessee,Memphis,Office Supplies,Labels,Shipping Labels,1,0.0,46.03,7.42
US-2024-101705,2024-08-19,2024-08-26,Standard Class,Barbara Miller,Corporate,West,California,San Diego,Technology,Accessories,Wireless Mouse,10,0.0,2168.02,240.56
US-2024-101065,2024-08-19,2024-08-20,Standard Class,Mark Martinez,Corporate,South,Alabama,Birmingham,Furniture,Bookcases,5-Shelf Bookcase,3,0.4,1447.81,73.51
US-2024-101908,2024-08-19,2024-08-22,Standard Class,Sandra Moore,Corporate,West,Arizona,Tucson,Office Supplies,Storage,Filing Cabinet,6,0.2,237.09,55.41
US-2024-101062,2024-08-19,2024-08-22,Standard Class,Daniel Williams,Corporate,East,Massachusetts,Worcester,Technology,Machines,Paper Shredder,11,0.3,251.87,29.72
US-2024-100380,2024-08-19,2024-08-25,First Class,Sandra Moore,Corporate,East,Massachusetts,Boston,Furniture,Bookcases,5-Shelf Bookcase,11,0.0,4893.44,535.32
US-2024-101625,2024-08-20,2024-08-22,Standard Class,Patricia Lopez,Corporate,East,New Jersey,Newark,Office Supplies,Binders,Heavy-Duty Binder,6,0.0,222.31,72.73
US-2024-101141,2024-08-20,2024-08-23,Second Class,Linda Davis,Home Office,East,Virginia,Arlington,Technology,Accessories,Laptop Sleeve,5,0.3,3555.32,555.6
US-2024-101249,2024-08-20,2024-08-25,Second Class,David Taylor,Consumer,West,Arizona,Phoenix,Technology,Accessories,Laptop Sleeve,12,0.0,7159.28,-215.76
US-2024-100163,2024-08-21,2024-08-23,Standard Class,Jennifer Anderson,Home Office,West,Oregon,Portland,Furniture,Bookcases,5-Shelf Bookcase,3,0.2,345.87,55.67
US-2024-101855,2024-08-21,2024-08-25,First Class,Nancy Rodriguez,Home Office,Central,Wisconsin,Madison,Office Supplies,Paper,Copy Paper 500ct,11,0.1,530.54,156.95
US-2024-101447,2024-08-21,2024-08-28,Standard Class,Robert Williams,Consumer,Central,Texas,Houston,Furniture,Chairs,Stackable Chair,2,0.0,1165.32,39.13
US-2024-101809,2024-08-21,2024-08-24,Same Day,Thomas Martin,Consumer,South,Florida,Miami,Technology,Machines,Label Printer,4,0.1,206.93,13.3
US-2024-101030,2024-08-23,2024-08-29,First Class,Betty Hernandez,Consumer,Central,Michigan,Ann Arbor,Technology,Copiers,Multifunction Printer,12,0.3,7840.09,289.98
US-2024-100237,2024-08-23,2024-08-30,Standard Class,John Rodriguez,Home Office,Central,Ohio,Cleveland,Office Supplies,Paper,Colored Cardstock,1,0.2,13.56,3.53
US-2024-101588,2024-08-24,2024-08-27,First Class,Susan Johnson,Consumer,West,California,San Francisco,Technology,Machines,Laminator,11,0.3,1599.34,415.18
US-2024-101330,2024-08-24,2024-08-26,Standard Class,Daniel Martinez,Consumer,East,Pennsylvania,Philadelphia,Technology,Machines,Label Printer,3,0.15,1203.61,160.44
US-2024-100397,2024-08-24,2024-08-30,Standard Class,Robert Moore,Consumer,South,Tennessee,Nashville,Furniture,Tables,Adjustable Height Desk,6,0.1,4504.99,689.85
US-2024-101611,2024-08-24,2024-08-30,Standard Class,Daniel Martinez,Consumer,West,Oregon,Portland,Technology,Accessories,Wireless Mouse,1,0.1,555.95,-45.5
US-2024-100856,2024-08-24,2024-08-28,Standard Class,James Jackson,Consumer,South,Georgia,Atlanta,Technology,Accessories,USB-C Hub,2,0.3,1499.49,198.64
US-2024-100827,2024-08-24,2024-08-25,Standard Class,James Williams,Corporate,East,New Jersey,Jersey City,Furniture,Furnishings,Desk Lamp,3,0.0,451.34,57.4
US-2024-101324,2024-08-25,2024-08-29,Standard Class,John Lopez,Consumer,West,Oregon,Eugene,Office Supplies,Paper,Copy Paper 500ct,9,0.0,325.79,17.08
US-2024-101968,2024-08-26,2024-09-02,Standard Class,Betty Wilson,Consumer,Central,Texas,Austin,Technology,Copiers,Multifunction Printer,4,0.2,1600.6,83.64
US-2024-101510,2024-08-26,2024-08-29,First Class,Sarah Rodriguez,Consumer,West,California,Los Angeles,Technology,Accessories,Laptop Sleeve,11,0.15,1151.74,-24.44
US-2024-100372,2024-08-26,2024-08-27,Standard Class,Daniel Williams,Home Office,East,Massachusetts,Boston,Furniture,Tables,Round Conference Table,8,0.1,3658.43,216.64
US-2024-101298,2024-08-27,2024-08-29,Standard Class,Karen Rodriguez,Corporate,Central,Wisconsin,Milwaukee,Furniture,Furnishings,Desk Lamp,11,0.0,9591.44,1311.65
US-2024-100904,2024-08-27,2024-09-01,Same Day,Karen Williams,Corporate,East,New York,Albany,Furniture,Furnishings,Wall Clock,13,0.1,7403.34,963.7
US-2024-101353,2024-08-28,2024-09-03,Standard Class,Joseph Jackson,Home Office,Central,Ohio,Cleveland,Office Supplies,Labels,Address Labels,12,0.15,276.38,44.13
US-2024-100310,2024-08-28,2024-09-03,Second Class,Robert Hernandez,Corporate,East,Virginia,Arlington,Office Supplies,Storage,Storage Box,3,0.2,56.27,5.87
US-2024-101816,2024-08-28,2024-08-31,Standard Class,David Taylor,Home Office,Central,Wisconsin,Madison,Furniture,Bookcases,Corner Bookcase,14,0.3,2337.61,30.33
US-2024-101976,2024-08-29,2024-08-31,Second Class,Richard Brown,Consumer,South,Georgia,Savannah,Technology,Machines,Paper Shredder,7,0.0,4605.41,-255.92
US-2024-101593,2024-08-30,2024-08-31,Standard Class,Patricia Lopez,Home Office,West,Oregon,Portland,Technology,Copiers,Desktop Copier,2,0.1,1665.7,-29.5
US-2024-101758,2024-08-31,2024-09-05,Standard Class,Susan Davis,Consumer,South,Alabama,Birmingham,Technology,Phones,Phone Case,6,0.0,3132.65,502.1
US-2024-101086,2024-08-31,2024-09-05,Standard Class,Matthew Rodriguez,Home Office,West,California,San Francisco,Technology,Copiers,Desktop Copier,5,0.1,3566.14,-329.64
US-2024-101862,2024-09-01,2024-09-08,Standard Class,James Rodriguez,Consumer,West,Nevada,Reno,Technology,Machines,Label Printer,3,0.1,424.49,108.51
US-2024-101114,2024-09-01,2024-09-06,Standard Class,Margaret Brown,Corporate,Central,Texas,Austin,Office Supplies,Labels,Address Labels,6,0.0,212.95,55.93
US-2024-100928,2024-09-02,2024-09-06,Standard Class,Thomas Brown,Consumer,South,Florida,Miami,Office Supplies,Art,Ballpoint Pens (12pk),13,0.1,361.14,53.47
US-2024-100936,2024-09-02,2024-09-05,Same Day,Matthew Hernandez,Corporate,South,Alabama,Birmingham,Technology,Phones,Phone Case,7,0.2,4042.86,704.26
US-2024-100568,2024-09-02,2024-09-06,First Class,Linda Davis,Corporate,South,Florida,Orlando,Office Supplies,Storage,Storage Bin,2,0.0,64.24,7.46
US-2024-101761,2024-09-02,2024-09-05,Standard Class,Karen Garcia,Corporate,East,Massachusetts,Worcester,Furniture,Furnishings,Desk Lamp,1,0.2,183.11,8.31
US-2024-101798,2024-09-03,2024-09-07,Standard Class,Sarah Smith,Home Office,West,California,Los Angeles,Technology,Phones,Cordless Phone,5,0.0,1736.64,387.41
US-2024-101150,2024-09-03,2024-09-10,Standard Class,James Jackson,Consumer,West,Arizona,Tucson,Office Supplies,Storage,Filing Cabinet,14,0.0,446.22,35.27
US-2024-100905,2024-09-04,2024-09-10,Standard Class,Sandra Smith,Home Office,East,New York,Buffalo,Technology,Accessories,Laptop Sleeve,12,0.0,9463.12,1246.27
US-2024-100589,2024-09-04,2024-09-10,Standard Class,Robert Miller,Consumer,Central,Texas,Houston,Office Supplies,Labels,Address Labels,10,0.0,534.76,43.43
US-2024-100964,2024-09-05,2024-09-11,Standard Class,William Rodriguez,Consumer,West,Oregon,Eugene,Office Supplies,Storage,Storage Bin,3,0.1,113.06,18.59
US-2024-101650,2024-09-05,2024-09-10,Standard Class,Susan Jackson,Consumer,East,New York,Buffalo,Technology,Machines,Paper Shredder,14,0.4,7969.48,1349.1
US-2024-101388,2024-09-05,2024-09-07,First Class,Richard Lopez,Home Office,South,Florida,Orlando,Office Supplies,Storage,Storage Bin,1,0.15,19.96,1.68
US-2024-100430,2024-09-05,2024-09-12,First Class,Elizabeth Martin,Consumer,West,Arizona,Phoenix,Office Supplies,Art,Markers Set,11,0.1,280.15,22.52
US-2024-100061,2024-09-05,2024-09-06,Standard Class,Linda Johnson,Corporate,West,Oregon,Eugene,Furniture,Furnishings,Floor Mat,1,0.2,185.37,3.07
US-2024-101470,2024-09-06,2024-09-08,Same Day,Sandra Jackson,Corporate,East,Pennsylvania,Pittsburgh,Office Supplies,Art,Markers Set,13,0.1,258.86,20.15
US-2024-101877,2024-09-06,2024-09-10,Standard Class,Lisa Rodriguez,Corporate,East,Massachusetts,Boston,Technology,Phones,Smartphone X200,5,0.15,2363.13,388.12
US-2024-100024,2024-09-06,2024-09-13,Standard Class,Anthony Taylor,Corporate,South,Tennessee,Nashville,Furniture,Tables,Round Conference Table,2,0.1,1311.9,134.01
US-2024-100701,2024-09-07,2024-09-14,Second Class,Robert Johnson,Consumer,East,Massachusetts,Boston,Furniture,Tables,Round Conference Table,3,0.1,1438.62,106.57
US-2024-101820,2024-09-07,2024-09-11,Standard Class,Richard Rodriguez,Corporate,East,Pennsylvania,Pittsburgh,Technology,Accessories,Wireless Mouse,5,0.0,4225.27,313.8
US-2024-101666,2024-09-07,2024-09-08,Standard Class,Sandra Smith,Home Office,Central,Illinois,Chicago,Office Supplies,Art,Markers Set,5,0.0,129.21,15.93
US-2024-100592,2024-09-08,2024-09-14,Standard Class,Sarah Davis,Consumer,West,Washington,Seattle,Furniture,Tables,Adjustable Height Desk,4,0.15,3054.54,308.56
US-2024-100205,2024-09-08,2024-09-14,Standard Class,Richard Rodriguez,Consumer,South,Tennessee,Nashville,Office Supplies,Storage,Filing Cabinet,12,0.0,610.78,131.97
US-2024-100478,2024-09-08,2024-09-13,Standard Class,Thomas Garcia,Home Office,East,Massachusetts,Worcester,Office Supplies,Storage,Storage Bin,4,0.0,10.13,1.41
US-2024-100688,2024-09-08,2024-09-15,Standard Class,Margaret Brown,Consumer,Central,Wisconsin,Milwaukee,Furniture,Tables,Round Conference Table,1,0.0,714.75,16.1
US-2024-100068,2024-09-09,2024-09-16,Second Class,Thomas Garcia,Consumer,West,Oregon,Portland,Office Supplies,Labels,Shipping Labels,3,0.0,107.4,27.88
US-2024-100526,2024-09-09,2024-09-16,Standard Class,Richard Rodriguez,Consumer,South,Georgia,Atlanta,Technology,Copiers,Desktop Copier,14,0.0,3086.02,758.18
US-2024-100695,2024-09-09,2024-09-16,Standard Class,William Rodriguez,Home Office,South,Florida,Miami,Technology,Copiers,Multifunction Printer,11,0.0,11907.2,3139.02
US-2024-100246,2024-09-11,2024-09-17,Standard Class,Matthew Martinez,Consumer,South,Florida,Miami,Furniture,Tables,Adjustable Height Desk,7,0.1,1813.44,154.13
US-2024-101737,2024-09-12,2024-09-16,First Class,Linda Jones,Consumer,Central,Texas,Dallas,Technology,Accessories,Wireless Mouse,12,0.0,12325.48,3291.68
US-2024-100023,2024-09-12,2024-09-17,First Class,Richard Brown,Corporate,East,Massachusetts,Boston,Office Supplies,Paper,Colored Cardstock,12,0.0,565.34,185.81
US-2024-100015,2024-09-13,2024-09-19,Standard Class,Thomas Rodriguez,Consumer,East,Virginia,Arlington,Office Supplies,Binders,View Binder,6,0.1,149.28,43.11
US-2024-101597,2024-09-14,2024-09-19,Standard Class,Margaret Brown,Corporate,South,Alabama,Montgomery,Technology,Machines,Label Printer,4,0.1,1204.01,52.96
US-2024-100554,2024-09-14,2024-09-21,Standard Class,Robert Davis,Corporate,Central,Illinois,Chicago,Office Supplies,Labels,Address Labels,14,0.15,419.94,123.47
US-2024-101242,2024-09-14,2024-09-21,First Class,Joseph Brown,Home Office,West,Washington,Spokane,Office Supplies,Binders,Heavy-Duty Binder,4,0.0,54.43,4.1
US-2024-101363,2024-09-14,2024-09-21,First Class,Thomas Thomas,Consumer,West,Nevada,Reno,Office Supplies,Binders,Heavy-Duty Binder,9,0.1,193.44,23.63
US-2024-101104,2024-09-15,2024-09-16,First Class,Matthew Garcia,Consumer,South,Tennessee,Nashville,Office Supplies,Art,Ballpoint Pens (12pk),6,0.0,336.29,42.91
US-2024-100663,2024-09-16,2024-09-21,Second Class,William Rodriguez,Corporate,South,Alabama,Montgomery,Technology,Copiers,Desktop Copier,9,0.3,5585.66,649.82
US-2024-100727,2024-09-16,2024-09-20,Standard Class,Sarah Rodriguez,Consumer,South,Tennessee,Memphis,Office Supplies,Art,Ballpoint Pens (12pk),5,0.15,202.34,60.58
US-2024-100049,2024-09-16,2024-09-18,Second Class,James Jackson,Home Office,Central,Texas,Austin,Office Supplies,Binders,Heavy-Duty Binder,11,0.0,547.62,50.34
US-2024-100595,2024-09-16,2024-09-20,Standard Class,Robert Davis,Home Office,South,Florida,Orlando,Office Supplies,Art,Markers Set,8,0.0,193.52,47.99
US-2024-100197,2024-09-17,2024-09-21,Second Class,Karen Rodriguez,Home Office,West,Washington,Seattle,Office Supplies,Labels,Shipping Labels,13,0.2,38.18,3.41
US-2024-101886,2024-09-18,2024-09-21,Same Day,Karen Rodriguez,Corporate,West,Washington,Spokane,Office Supplies,Storage,Filing Cabinet,4,0.3,21.91,7.51
US-2024-100831,2024-09-19,2024-09-24,First Class,Sarah Smith,Corporate,East,Pennsylvania,Philadelphia,Office Supplies,Labels,Shipping Labels,4,0.1,205.52,44.01
US-2024-100619,2024-09-20,2024-09-25,First Class,David Smith,Corporate,West,Oregon,Eugene,Office Supplies,Labels,Address Labels,6,0.0,199.84,56.78
US-2024-100133,2024-09-20,2024-09-22,Standard Class,Jessica Smith,Corporate,South,Georgia,Savannah,Office Supplies,Paper,Sticky Notes,8,0.0,196.42,57.48
US-2024-100549,2024-09-20,2024-09-25,Same Day,Sarah Rodriguez,Home Office,East,New Jersey,Newark,Technology,Phones,Smartphone X200,9,0.0,2949.9,285.66
US-2024-101374,2024-09-21,2024-09-27,Standard Class,Margaret Martinez,Home Office,Central,Illinois,Springfield,Furniture,Chairs,Stackable Chair,2,0.1,1499.04,70.1
US-2024-100517,2024-09-22,2024-09-25,Standard Class,Thomas Martin,Home Office,West,Nevada,Las Vegas,Technology,Accessories,Wireless Mouse,2,0.0,258.44,7.04
US-2024-101765,2024-09-23,2024-09-29,Standard Class,James Williams,Consumer,East,Massachusetts,Worcester,Office Supplies,Storage,Storage Box,1,0.0,30.75,8.06
US-2024-100796,2024-09-23,2024-09-29,Standard Class,Thomas Thomas,Consumer,South,Tennessee,Nashville,Office Supplies,Binders,Heavy-Duty Binder,2,0.0,35.11,5.05
US-2024-100750,2024-09-24,2024-09-25,Second Class,Karen Garcia,Corporate,East,Virginia,Richmond,Technology,Phones,Smartphone X200,3,0.15,2967.84,394.05
US-2024-100963,2024-09-24,2024-10-01,Second Class,Margaret Brown,Corporate,Central,Wisconsin,Milwaukee,Technology,Copiers,Multifunction Printer,4,0.1,3041.57,351.44
US-2024-100252,2024-09-24,2024-09-28,Standard Class,John Rodriguez,Consumer,Central,Michigan,Ann Arbor,Office Supplies,Binders,3-Ring Binder,5,0.0,152.68,8.65
US-2024-100239,2024-09-25,2024-09-28,Standard Class,Charles Miller,Consumer,East,Massachusetts,Boston,Office Supplies,Paper,Colored Cardstock,3,0.4,16.12,0.84
US-2024-101768,2024-09-25,2024-09-27,Standard Class,Barbara Miller,Corporate,South,North Carolina,Charlotte,Technology,Machines,Label Printer,9,0.0,3675.09,533.15
US-2024-100215,2024-09-25,2024-09-26,Standard Class,Sandra Smith,Consumer,South,Tennessee,Memphis,Office Supplies,Art,Highlighters,13,0.1,54.29,7.44
US-2024-101439,2024-09-25,2024-09-27,Standard Class,Elizabeth Martin,Consumer,West,Nevada,Las Vegas,Technology,Phones,Phone Case,3,0.3,1038.6,164.28
US-2024-100887,2024-09-25,2024-10-02,First Class,Richard Gonzalez,Corporate,East,Pennsylvania,Pittsburgh,Office Supplies,Storage,Storage Box,14,0.0,170.2,50.35
US-2024-100532,2024-09-26,2024-10-02,Standard Class,Richard Rodriguez,Consumer,South,Georgia,Atlanta,Technology,Copiers,Desktop Copier,3,0.0,2282.46,162.13
US-2024-101210,2024-09-26,2024-09-28,First Class,Margaret Brown,Consumer,East,Virginia,Richmond,Furniture,Chairs,Mesh Task Chair,3,0.3,408.81,0.45
US-2024-101050,2024-09-27,2024-10-01,Second Class,Linda Davis,Consumer,West,Washington,Spokane,Furniture,Tables,Glass Coffee Table,8,0.15,3446.67,242.44
US-2024-101861,2024-09-27,2024-10-01,Standard Class,Matthew Rodriguez,Consumer,South,North Carolina,Charlotte,Office Supplies,Paper,Colored Cardstock,2,0.3,67.9,7.34
US-2024-101837,2024-09-27,2024-09-30,Second Class,Sandra Moore,Corporate,Central,Michigan,Detroit,Office Supplies,Labels,Address Labels,14,0.0,630.29,34.33
US-2024-100746,2024-09-28,2024-10-03,First Class,Linda Davis,Corporate,East,New Jersey,Jersey City,Technology,Phones,Cordless Phone,7,0.1,2051.77,-186.9
US-2024-100212,2024-09-28,2024-09-30,Second Class,James Jackson,Consumer,South,Alabama,Birmingham,Furniture,Bookcases,Corner Bookcase,1,0.3,443.34,17.18
US-2024-101496,2024-09-28,2024-10-03,Standard Class,Sarah Brown,Corporate,Central,Illinois,Springfield,Technology,Copiers,Multifunction Printer,13,0.1,9847.97,1345.18
US-2024-100761,2024-09-30,2024-10-03,Standard Class,John Miller,Home Office,East,Massachusetts,Worcester,Technology,Machines,Paper Shredder,2,0.3,1516.91,72.87
US-2024-101391,2024-10-01,2024-10-07,Standard Class,Robert Jackson,Consumer,West,Oregon,Portland,Office Supplies,Art,Markers Set,1,0.1,22.85,4.48
US-2024-101680,2024-10-01,2024-10-08,First Class,Richard Rodriguez,Corporate,East,Virginia,Richmond,Furniture,Chairs,Mesh Task Chair,10,0.15,3889.87,575.01
US-2024-101830,2024-10-01,2024-10-06,Standard Class,Patricia Lopez,Consumer,East,Massachusetts,Worcester,Office Supplies,Binders,View Binder,14,0.0,240.01,53.22
US-2024-100869,2024-10-01,2024-10-08,First Class,Linda Davis,Corporate,South,Georgia,Atlanta,Office Supplies,Labels,Shipping Labels,11,0.0,568.23,165.13
US-2024-101239,2024-10-01,2024-10-06,Standard Class,Robert Williams,Consumer,East,Pennsylvania,Philadelphia,Office Supplies,Binders,View Binder,7,0.0,43.92,14.95
US-2024-100172,2024-10-02,2024-10-07,Standard Class,Thomas Garcia,Consumer,South,Alabama,Montgomery,Furniture,Bookcases,5-Shelf Bookcase,8,0.0,1821.81,-56.76
US-2024-100276,2024-10-02,2024-10-08,Same Day,Matthew Rodriguez,Consumer,East,New Jersey,Jersey City,Office Supplies,Binders,Heavy-Duty Binder,4,0.0,140.91,26.03
US-2024-101794,2024-10-03,2024-10-05,First Class,Susan Jackson,Consumer,South,Georgia,Savannah,Office Supplies,Labels,Address Labels,6,0.0,272.25,19.13
US-2024-100627,2024-10-03,2024-10-10,Standard Class,Richard Brown,Consumer,West,Washington,Seattle,Furniture,Furnishings,Desk Lamp,9,0.1,3800.86,69.38
US-2024-100248,2024-10-03,2024-10-05,Second Class,Michael Thomas,Consumer,Central,Wisconsin,Milwaukee,Furniture,Furnishings,Wall Clock,3,0.1,1356.65,217.76
US-2024-100614,2024-10-03,2024-10-04,Second Class,Margaret Martin,Consumer,West,Oregon,Portland,Office Supplies,Labels,Shipping Labels,11,0.3,125.23,13.61
US-2024-101095,2024-10-04,2024-10-08,Standard Class,Matthew Martinez,Home Office,South,Florida,Orlando,Technology,Accessories,Laptop Sleeve,3,0.4,1297.1,175.26
US-2024-100326,2024-10-04,2024-10-11,Standard Class,Michael Moore,Consumer,South,Georgia,Atlanta,Office Supplies,Binders,Heavy-Duty Binder,13,0.0,341.76,117.24
US-2024-101310,2024-10-04,2024-10-07,Standard Class,Robert Williams,Corporate,South,Alabama,Montgomery,Office Supplies,Paper,Copy Paper 500ct,6,0.1,102.23,5.87
US-2024-100359,2024-10-05,2024-10-07,Standard Class,Elizabeth Martin,Consumer,South,Tennessee,Memphis,Furniture,Furnishings,Desk Lamp,1,0.15,122.12,21.2
US-2024-101833,2024-10-05,2024-10-10,Standard Class,John Miller,Home Office,Central,Michigan,Detroit,Technology,Copiers,Desktop Copier,6,0.0,6648.13,1013.4
US-2024-100512,2024-10-06,2024-10-13,Standard Class,Thomas Rodriguez,Consumer,West,Nevada,Reno,Technology,Accessories,USB-C Hub,14,0.2,3372.5,-217.18
US-2024-101605,2024-10-06,2024-10-08,Standard Class,Thomas Thomas,Home Office,West,Washington,Spokane,Furniture,Bookcases,5-Shelf Bookcase,13,0.0,10193.67,434.11
US-2024-101936,2024-10-07,2024-10-14,Standard Class,Anthony Taylor,Corporate,Central,Texas,Dallas,Office Supplies,Art,Highlighters,8,0.2,146.7,23.1
US-2024-100659,2024-10-08,2024-10-12,First Class,James Moore,Consumer,East,Virginia,Richmond,Technology,Machines,Laminator,9,0.1,7331.9,524.74
US-2024-101326,2024-10-08,2024-10-09,Standard Class,Richard Brown,Consumer,West,Oregon,Portland,Technology,Machines,Label Printer,13,0.1,1413.49,197.5
US-2024-101988,2024-10-08,2024-10-09,First Class,Chris Brown,Corporate,South,Alabama,Birmingham,Office Supplies,Paper,Sticky Notes,8,0.1,83.37,10.15
US-2024-100838,2024-10-08,2024-10-11,Standard Class,Sarah Rodriguez,Home Office,West,California,Los Angeles,Furniture,Tables,Glass Coffee Table,1,0.0,345.75,23.46
US-2024-101709,2024-10-08,2024-10-09,Standard Class,Matthew Garcia,Corporate,Central,Texas,Dallas,Office Supplies,Paper,Sticky Notes,8,0.4,152.68,11.04
US-2024-101532,2024-10-10,2024-10-16,First Class,Michael Thomas,Consumer,Central,Ohio,Columbus,Office Supplies,Art,Ballpoint Pens (12pk),2,0.1,105.82,31.34
US-2024-101966,2024-10-10,2024-10-12,Second Class,James Moore,Consumer,West,Arizona,Tucson,Furniture,Tables,Glass Coffee Table,3,0.2,557.19,39.31
US-2024-101419,2024-10-10,2024-10-11,First Class,Karen Garcia,Consumer,East,New York,New York City,Office Supplies,Binders,3-Ring Binder,2,0.1,44.46,12.28
US-2024-101352,2024-10-10,2024-10-13,Standard Class,William Rodriguez,Consumer,Central,Illinois,Springfield,Furniture,Furnishings,Floor Mat,5,0.1,2109.19,157.86
US-2024-101889,2024-10-11,2024-10-12,First Class,Joseph Taylor,Corporate,East,Virginia,Richmond,Office Supplies,Storage,Storage Box,2,0.0,87.13,14.7
US-2024-100494,2024-10-11,2024-10-12,Standard Class,Michael Moore,Consumer,South,Alabama,Birmingham,Office Supplies,Binders,View Binder,2,0.0,113.6,24.57
US-2024-101606,2024-10-12,2024-10-17,First Class,Lisa Jackson,Corporate,West,Washington,Seattle,Office Supplies,Art,Highlighters,1,0.0,24.13,4.04
US-2024-100789,2024-10-12,2024-10-17,First Class,Sandra Moore,Corporate,West,Nevada,Reno,Office Supplies,Art,Ballpoint Pens (12pk),2,0.2,6.31,0.48
US-2024-100817,2024-10-12,2024-10-15,Second Class,Karen Hernandez,Consumer,West,Arizona,Phoenix,Technology,Accessories,USB-C Hub,3,0.1,375.39,5.67
US-2024-101421,2024-10-12,2024-10-15,Same Day,Jessica Smith,Consumer,East,Massachusetts,Worcester,Furniture,Furnishings,Wall Clock,1,0.15,548.86,74.4
US-2024-100278,2024-10-14,2024-10-20,Second Class,Sarah Garcia,Consumer,East,New York,Buffalo,Technology,Copiers,Multifunction Printer,5,0.0,919.54,119.66
US-2024-101995,2024-10-15,2024-10-22,First Class,Richard Rodriguez,Consumer,West,Washington,Spokane,Furniture,Tables,Round Conference Table,3,0.0,964.72,86.53
US-2024-101084,2024-10-15,2024-10-19,Second Class,Anthony Johnson,Consumer,South,Tennessee,Memphis,Office Supplies,Storage,Storage Bin,5,0.2,100.64,26.9
US-2024-100655,2024-10-15,2024-10-22,Second Class,Sandra Smith,Consumer,East,Virginia,Arlington,Furniture,Bookcases,Corner Bookcase,2,0.3,533.13,65.22
US-2024-100259,2024-10-15,2024-10-20,Standard Class,Robert Williams,Corporate,East,New York,Albany,Furniture,Bookcases,Corner Bookcase,7,0.1,4260.52,394.72
US-2024-100318,2024-10-17,2024-10-18,Standard Class,Lisa Rodriguez,Consumer,West,California,Los Angeles,Office Supplies,Storage,Filing Cabinet,1,0.3,12.22,2.5
US-2024-100087,2024-10-18,2024-10-25,Standard Class,Robert Jackson,Home Office,East,Virginia,Richmond,Furniture,Bookcases,5-Shelf Bookcase,10,0.15,2399.64,-103.27
US-2024-100988,2024-10-18,2024-10-22,Same Day,Thomas Garcia,Consumer,West,Arizona,Phoenix,Office Supplies,Labels,Address Labels,13,0.15,255.44,47.53
US-2024-101755,2024-10-19,2024-10-25,Standard Class,Matthew Garcia,Consumer,Central,Ohio,Columbus,Office Supplies,Paper,Colored Cardstock,6,0.3,175.77,29.12
US-2024-101270,2024-10-20,2024-10-25,Second Class,Linda Johnson,Corporate,Central,Ohio,Columbus,Office Supplies,Art,Ballpoint Pens (12pk),11,0.3,193.08,33.09
US-2024-100021,2024-10-20,2024-10-24,Second Class,James Moore,Corporate,South,Georgia,Savannah,Technology,Phones,Cordless Phone,3,0.0,1003.15,235.0
US-2024-101012,2024-10-20,2024-10-24,Standard Class,Robert Jackson,Corporate,East,New Jersey,Jersey City,Technology,Phones,Smartphone X200,14,0.2,409.63,38.49
US-2024-100077,2024-10-20,2024-10-22,Standard Class,John Thomas,Consumer,Central,Illinois,Chicago,Technology,Machines,Label Printer,14,0.15,10038.9,1957.11
US-2024-100870,2024-10-21,2024-10-23,Standard Class,Sandra Moore,Corporate,South,North Carolina,Charlotte,Technology,Phones,Cordless Phone,9,0.1,9065.14,913.42
US-2024-100544,2024-10-21,2024-10-25,Standard Class,Matthew Rodriguez,Corporate,Central,Michigan,Detroit,Technology,Copiers,Desktop Copier,14,0.3,5214.09,277.31
US-2024-100064,2024-10-22,2024-10-29,Standard Class,Karen Hernandez,Home Office,East,New Jersey,Newark,Furniture,Chairs,Mesh Task Chair,3,0.15,659.09,82.29
US-2024-101920,2024-10-22,2024-10-28,First Class,James Moore,Home Office,West,Arizona,Tucson,Office Supplies,Labels,Shipping Labels,13,0.1,514.84,30.47
US-2024-101422,2024-10-23,2024-10-26,First Class,Richard Rodriguez,Home Office,Central,Ohio,Cleveland,Office Supplies,Art,Highlighters,5,0.0,73.47,13.13
US-2024-100251,2024-10-23,2024-10-27,Standard Class,Sarah Taylor,Consumer,East,New York,Albany,Office Supplies,Art,Highlighters,14,0.0,241.54,78.01
US-2024-100027,2024-10-23,2024-10-29,Standard Class,Lisa Moore,Corporate,West,Arizona,Phoenix,Furniture,Furnishings,Wall Clock,8,0.1,3142.56,18.73
US-2024-100912,2024-10-23,2024-10-27,Standard Class,John Brown,Corporate,Central,Texas,Houston,Technology,Phones,Phone Case,9,0.0,9221.79,1786.64
US-2024-101576,2024-10-23,2024-10-27,Standard Class,Sarah Davis,Corporate,East,New York,New York City,Office Supplies,Labels,Shipping Labels,12,0.0,358.09,50.75
US-2024-100997,2024-10-23,2024-10-25,Second Class,Elizabeth Martin,Corporate,South,North Carolina,Charlotte,Technology,Machines,Paper Shredder,13,0.15,7999.37,-400.19
US-2024-101253,2024-10-24,2024-10-28,First Class,Susan Johnson,Corporate,Central,Wisconsin,Madison,Office Supplies,Paper,Sticky Notes,14,0.0,69.07,3.71
US-2024-100954,2024-10-25,2024-10-31,Standard Class,Linda Johnson,Consumer,South,Florida,Miami,Technology,Copiers,Desktop Copier,2,0.2,983.41,152.19
US-2024-101036,2024-10-25,2024-11-01,Standard Class,Patricia Williams,Consumer,South,North Carolina,Raleigh,Technology,Copiers,Desktop Copier,11,0.3,7407.86,511.07
US-2024-100513,2024-10-25,2024-10-28,Same Day,Karen Rodriguez,Corporate,East,Massachusetts,Boston,Technology,Accessories,Wireless Mouse,1,0.15,838.5,52.01
US-2024-100603,2024-10-26,2024-10-27,Standard Class,Linda Johnson,Corporate,Central,Wisconsin,Madison,Technology,Copiers,Desktop Copier,2,0.4,829.82,86.97
US-2024-101931,2024-10-26,2024-11-01,Standard Class,Richard Lopez,Consumer,South,North Carolina,Charlotte,Technology,Machines,Label Printer,3,0.0,1271.32,317.4
US-2024-101445,2024-10-26,2024-11-01,Second Class,Michael Moore,Corporate,South,Georgia,Savannah,Technology,Accessories,Laptop Sleeve,8,0.1,5272.36,771.06
US-2024-101953,2024-10-27,2024-10-30,Standard Class,Susan Jackson,Corporate,Central,Texas,Houston,Technology,Phones,Cordless Phone,9,0.1,3471.58,99.76
US-2024-100576,2024-10-27,2024-10-28,Standard Class,Matthew Martinez,Home Office,East,Massachusetts,Boston,Office Supplies,Labels,Shipping Labels,6,0.15,253.33,21.9
US-2024-100966,2024-10-28,2024-11-02,Standard Class,Lisa Rodriguez,Consumer,Central,Michigan,Ann Arbor,Office Supplies,Art,Markers Set,5,0.0,96.63,31.52
US-2024-100407,2024-10-28,2024-10-29,Standard Class,Susan Johnson,Corporate,Central,Ohio,Columbus,Technology,Machines,Laminator,8,0.4,2688.87,309.02
US-2024-100935,2024-10-28,2024-11-03,Second Class,John Rodriguez,Corporate,West,Oregon,Portland,Office Supplies,Storage,Storage Box,13,0.2,335.06,25.81
US-2024-100673,2024-10-28,2024-11-04,Second Class,Karen Miller,Consumer,West,California,San Francisco,Office Supplies,Paper,Copy Paper 500ct,4,0.4,104.66,13.95
US-2024-101247,2024-10-29,2024-11-04,Same Day,Matthew Hernandez,Corporate,West,Nevada,Reno,Office Supplies,Labels,Shipping Labels,11,0.0,207.26,29.47
US-2024-100325,2024-10-29,2024-11-03,First Class,Matthew Garcia,Consumer,South,Georgia,Atlanta,Technology,Phones,Smartphone X200,5,0.15,3969.07,392.04
US-2024-101477,2024-10-30,2024-11-02,Second Class,Chris Brown,Consumer,Central,Ohio,Columbus,Office Supplies,Art,Markers Set,2,0.15,53.21,13.23
US-2024-101389,2024-10-30,2024-11-06,Standard Class,Sarah Garcia,Home Office,Central,Wisconsin,Madison,Technology,Phones,Phone Case,1,0.0,371.38,63.82
US-2024-100138,2024-10-31,2024-11-07,Standard Class,David Taylor,Home Office,Central,Wisconsin,Milwaukee,Technology,Copiers,Desktop Copier,4,0.0,2224.75,617.82
US-2024-100529,2024-10-31,2024-11-02,Standard Class,Anthony Taylor,Consumer,East,Massachusetts,Boston,Technology,Phones,Phone Case,13,0.4,4811.78,924.26
US-2024-101354,2024-10-31,2024-11-03,Standard Class,Linda Johnson,Consumer,Central,Illinois,Chicago,Office Supplies,Binders,View Binder,7,0.1,107.24,8.03
US-2024-100388,2024-10-31,2024-11-02,Standard Class,Mark Martinez,Corporate,South,Florida,Miami,Technology,Accessories,USB-C Hub,2,0.3,1247.39,45.45
US-2024-101627,2024-11-01,2024-11-08,Second Class,William Rodriguez,Corporate,West,Washington,Seattle,Technology,Phones,Smartphone X200,4,0.2,3733.35,600.72
US-2024-101977,2024-11-01,2024-11-08,First Class,Daniel Wilson,Consumer,South,Georgia,Savannah,Office Supplies,Labels,Address Labels,14,0.15,77.0,11.08
US-2024-100116,2024-11-01,2024-11-07,Standard Class,Betty Wilson,Corporate,South,North Carolina,Charlotte,Furniture,Tables,Adjustable Height Desk,6,0.15,1408.39,88.5
US-2024-101045,2024-11-02,2024-11-03,Standard Class,Sandra Moore,Home Office,East,New Jersey,Jersey City,Furniture,Tables,Glass Coffee Table,7,0.1,1659.95,221.95
US-2024-100443,2024-11-02,2024-11-03,First Class,Mark Martinez,Home Office,Central,Texas,Dallas,Office Supplies,Storage,Filing Cabinet,8,0.3,332.52,88.78
US-2024-101594,2024-11-03,2024-11-04,Same Day,Linda Johnson,Consumer,East,Massachusetts,Boston,Office Supplies,Paper,Copy Paper 500ct,7,0.4,143.56,30.25
US-2024-100776,2024-11-03,2024-11-04,Second Class,Robert Jackson,Home Office,West,Nevada,Reno,Technology,Copiers,Desktop Copier,13,0.0,11324.03,3012.33
US-2024-100234,2024-11-03,2024-11-10,Standard Class,Susan Miller,Consumer,Central,Wisconsin,Milwaukee,Technology,Accessories,Laptop Sleeve,9,0.1,5924.6,-511.27
US-2024-101523,2024-11-03,2024-11-05,First Class,Lisa Rodriguez,Corporate,West,Washington,Seattle,Technology,Machines,Laminator,9,0.0,5504.75,1361.82
US-2024-101028,2024-11-04,2024-11-09,First Class,James Moore,Consumer,West,Arizona,Tucson,Furniture,Tables,Glass Coffee Table,10,0.0,6334.67,32.1
US-2024-100121,2024-11-04,2024-11-05,First Class,Richard Gonzalez,Home Office,East,Virginia,Arlington,Office Supplies,Binders,Heavy-Duty Binder,3,0.15,51.61,13.62
US-2024-100450,2024-11-05,2024-11-07,Standard Class,Robert Hernandez,Corporate,South,Alabama,Birmingham,Office Supplies,Paper,Sticky Notes,12,0.0,297.91,39.36
US-2024-100582,2024-11-05,2024-11-07,Same Day,Nancy Moore,Consumer,East,New Jersey,Jersey City,Technology,Phones,Phone Case,10,0.0,8009.19,966.51
US-2024-100054,2024-11-05,2024-11-10,Same Day,Robert Jackson,Corporate,South,Tennessee,Memphis,Office Supplies,Binders,View Binder,5,0.1,260.61,66.67
US-2024-100480,2024-11-06,2024-11-13,Second Class,Joseph Lopez,Home Office,East,Pennsylvania,Philadelphia,Technology,Phones,Smartphone X200,3,0.15,1083.16,52.65
US-2024-101255,2024-11-06,2024-11-10,Second Class,Linda Davis,Corporate,West,Washington,Spokane,Technology,Copiers,Multifunction Printer,9,0.15,3108.84,140.56
US-2024-100903,2024-11-06,2024-11-09,Same Day,Margaret Martinez,Consumer,East,Pennsylvania,Philadelphia,Office Supplies,Storage,Storage Bin,1,0.0,33.27,7.35
US-2024-100046,2024-11-06,2024-11-12,Second Class,Margaret Martinez,Corporate,South,North Carolina,Charlotte,Office Supplies,Storage,Storage Box,14,0.0,106.9,6.42
US-2024-100705,2024-11-07,2024-11-11,Second Class,Elizabeth Martin,Corporate,Central,Texas,Austin,Furniture,Bookcases,5-Shelf Bookcase,5,0.0,3753.41,572.22
US-2024-100868,2024-11-08,2024-11-09,Same Day,Sandra Moore,Corporate,South,Alabama,Birmingham,Office Supplies,Paper,Colored Cardstock,6,0.2,56.99,3.52
US-2024-101282,2024-11-08,2024-11-10,Standard Class,John Lopez,Consumer,South,Florida,Tampa,Technology,Machines,Laminator,3,0.0,1622.18,201.77
US-2024-100373,2024-11-09,2024-11-16,First Class,Nancy Moore,Corporate,East,New Jersey,Jersey City,Technology,Machines,Label Printer,1,0.15,263.86,10.0
US-2024-101687,2024-11-09,2024-11-11,Second Class,Susan Jackson,Consumer,West,California,Los Angeles,Furniture,Furnishings,Wall Clock,1,0.0,341.36,28.03
US-2024-101161,2024-11-09,2024-11-11,Standard Class,James Moore,Consumer,South,Alabama,Montgomery,Office Supplies,Storage,Storage Bin,10,0.1,126.42,36.9
US-2024-101513,2024-11-09,2024-11-14,Standard Class,Thomas Garcia,Home Office,South,North Carolina,Raleigh,Technology,Accessories,Laptop Sleeve,11,0.0,7093.66,1349.91
US-2024-100744,2024-11-10,2024-11-12,Standard Class,David Smith,Home Office,South,Georgia,Savannah,Technology,Machines,Paper Shredder,8,0.1,7631.07,936.69
US-2024-100907,2024-11-10,2024-11-14,Standard Class,Patricia Martinez,Home Office,East,New York,Albany,Office Supplies,Art,Ballpoint Pens (12pk),8,0.3,171.15,30.97
US-2024-101622,2024-11-10,2024-11-11,Standard Class,John Rodriguez,Corporate,South,North Carolina,Charlotte,Technology,Accessories,USB-C Hub,5,0.0,5759.91,1098.65
US-2024-100455,2024-11-11,2024-11-13,Standard Class,David Taylor,Home Office,West,Oregon,Portland,Technology,Phones,Smartphone X200,12,0.0,1871.88,-39.86
US-2024-101443,2024-11-11,2024-11-13,Standard Class,Betty Wilson,Consumer,East,Pennsylvania,Pittsburgh,Office Supplies,Binders,3-Ring Binder,8,0.0,38.49,6.26
US-2024-100841,2024-11-11,2024-11-13,Standard Class,Joseph Lopez,Consumer,West,Oregon,Portland,Office Supplies,Art,Markers Set,12,0.0,288.19,20.84
US-2024-100826,2024-11-11,2024-11-13,Standard Class,Karen Garcia,Consumer,East,Virginia,Richmond,Office Supplies,Paper,Sticky Notes,12,0.0,338.95,99.78
US-2024-101124,2024-11-12,2024-11-14,Same Day,Richard Anderson,Consumer,West,Oregon,Eugene,Technology,Copiers,Desktop Copier,2,0.0,1979.76,62.86
US-2024-101222,2024-11-12,2024-11-14,Standard Class,Michael Thomas,Consumer,South,North Carolina,Raleigh,Office Supplies,Paper,Copy Paper 500ct,1,0.3,20.52,1.86
US-2024-101205,2024-11-12,2024-11-15,Standard Class,John Garcia,Consumer,South,North Carolina,Charlotte,Office Supplies,Labels,Address Labels,7,0.1,335.4,90.75
US-2024-100500,2024-11-13,2024-11-15,First Class,Patricia Williams,Corporate,West,Washington,Spokane,Furniture,Furnishings,Wall Clock,8,0.1,6236.26,399.0
US-2024-100749,2024-11-13,2024-11-16,First Class,James Moore,Home Office,Central,Wisconsin,Milwaukee,Office Supplies,Storage,Storage Box,14,0.2,96.15,6.95
US-2024-100398,2024-11-14,2024-11-18,Second Class,Michael Moore,Consumer,South,North Carolina,Raleigh,Technology,Accessories,Laptop Sleeve,3,0.2,1454.06,-15.71
US-2024-101450,2024-11-14,2024-11-18,Second Class,Margaret Brown,Corporate,Central,Texas,Houston,Technology,Accessories,Laptop Sleeve,2,0.0,2132.65,-212.58
US-2024-101538,2024-11-14,2024-11-15,Standard Class,Linda Jackson,Home Office,South,Tennessee,Nashville,Technology,Machines,Paper Shredder,11,0.2,7686.56,296.76
US-2024-101996,2024-11-14,2024-11-19,Standard Class,Joseph Smith,Consumer,Central,Wisconsin,Madison,Technology,Machines,Label Printer,13,0.1,12960.59,1936.09
US-2024-101825,2024-11-15,2024-11-22,First Class,Sarah Davis,Consumer,Central,Michigan,Ann Arbor,Office Supplies,Paper,Colored Cardstock,13,0.2,131.44,22.48
US-2024-101940,2024-11-15,2024-11-22,Same Day,Richard Rodriguez,Consumer,East,Pennsylvania,Pittsburgh,Office Supplies,Art,Highlighters,2,0.1,34.57,3.09
US-2024-101745,2024-11-15,2024-11-20,Standard Class,Linda Johnson,Consumer,East,Virginia,Richmond,Technology,Machines,Laminator,3,0.0,94.09,-9.06
US-2024-101876,2024-11-15,2024-11-21,Standard Class,Sarah Davis,Corporate,West,California,Los Angeles,Technology,Copiers,Multifunction Printer,12,0.1,6527.61,807.43
US-2024-101710,2024-11-15,2024-11-22,Standard Class,John Rodriguez,Home Office,Central,Illinois,Springfield,Furniture,Bookcases,5-Shelf Bookcase,9,0.0,5418.0,539.23
US-2024-100693,2024-11-15,2024-11-17,Standard Class,Matthew Hernandez,Consumer,Central,Michigan,Ann Arbor,Technology,Copiers,Desktop Copier,6,0.1,1187.88,291.52
US-2024-101925,2024-11-15,2024-11-19,Second Class,Richard Rodriguez,Consumer,Central,Ohio,Columbus,Technology,Accessories,USB-C Hub,9,0.3,2249.11,40.57
US-2024-100117,2024-11-15,2024-11-16,Standard Class,John Thomas,Home Office,East,Pennsylvania,Pittsburgh,Furniture,Chairs,Executive Leather Chair,13,0.0,849.71,-12.97
US-2024-100194,2024-11-16,2024-11-20,Standard Class,Karen Anderson,Consumer,East,Massachusetts,Worcester,Office Supplies,Binders,Heavy-Duty Binder,3,0.2,113.31,27.57
US-2024-101046,2024-11-16,2024-11-19,Standard Class,Lisa Jackson,Consumer,West,Oregon,Eugene,Technology,Copiers,Multifunction Printer,4,0.15,3173.69,478.58
US-2024-101406,2024-11-16,2024-11-18,Same Day,Susan Jackson,Home Office,East,New Jersey,Jersey City,Office Supplies,Storage,Storage Bin,5,0.2,196.12,11.03
US-2024-100301,2024-11-16,2024-11-17,Standard Class,Thomas Garcia,Corporate,Central,Illinois,Springfield,Technology,Copiers,Multifunction Printer,12,0.15,6113.45,1298.31
US-2024-101271,2024-11-17,2024-11-22,Standard Class,Patricia Martinez,Corporate,Central,Ohio,Columbus,Office Supplies,Paper,Colored Cardstock,8,0.1,413.14,140.95
US-2024-100270,2024-11-18,2024-11-22,Second Class,David Smith,Corporate,East,Pennsylvania,Philadelphia,Office Supplies,Art,Markers Set,7,0.15,77.64,7.82
US-2024-100185,2024-11-18,2024-11-21,First Class,Robert Hernandez,Corporate,West,Arizona,Phoenix,Office Supplies,Paper,Sticky Notes,9,0.15,90.72,17.35
US-2024-101052,2024-11-19,2024-11-25,Standard Class,Linda Jones,Consumer,East,Virginia,Arlington,Furniture,Chairs,Ergonomic Office Chair,13,0.0,7094.15,-96.03
US-2024-101428,2024-11-19,2024-11-25,First Class,Anthony Taylor,Corporate,East,New Jersey,Newark,Technology,Accessories,USB-C Hub,4,0.2,2418.93,421.35
US-2024-100287,2024-11-19,2024-11-22,Same Day,Patricia Williams,Consumer,West,Arizona,Tucson,Office Supplies,Binders,3-Ring Binder,10,0.15,362.02,99.48
US-2024-101020,2024-11-20,2024-11-22,Standard Class,James Rodriguez,Corporate,West,California,San Francisco,Technology,Machines,Paper Shredder,12,0.0,867.06,142.57
US-2024-101048,2024-11-20,2024-11-23,Standard Class,Linda Jackson,Consumer,West,Washington,Seattle,Office Supplies,Art,Highlighters,6,0.0,17.88,4.07
US-2024-100909,2024-11-20,2024-11-21,Second Class,John Brown,Corporate,West,Oregon,Eugene,Office Supplies,Labels,Shipping Labels,3,0.0,100.27,12.57
US-2024-100543,2024-11-20,2024-11-22,First Class,Robert Miller,Home Office,East,Virginia,Arlington,Office Supplies,Storage,Filing Cabinet,1,0.0,26.04,7.68
US-2024-100538,2024-11-21,2024-11-25,Standard Class,Anthony Williams,Consumer,East,New Jersey,Jersey City,Furniture,Furnishings,Desk Lamp,5,0.2,1989.52,-41.95
US-2024-100648,2024-11-21,2024-11-27,First Class,John Thomas,Corporate,East,New York,Buffalo,Furniture,Tables,Adjustable Height Desk,14,0.1,5249.89,631.55
US-2024-101107,2024-11-22,2024-11-25,Second Class,Sarah Taylor,Corporate,East,Massachusetts,Worcester,Office Supplies,Labels,Address Labels,9,0.0,112.45,10.34
US-2024-101667,2024-11-23,2024-11-24,Standard Class,Karen Garcia,Consumer,East,Massachusetts,Boston,Furniture,Tables,Round Conference Table,7,0.15,877.71,141.03
US-2024-100890,2024-11-23,2024-11-25,First Class,John Garcia,Consumer,West,Washington,Spokane,Office Supplies,Labels,Address Labels,7,0.15,44.17,10.56
US-2024-100886,2024-11-23,2024-11-29,First Class,Patricia Lopez,Corporate,South,Alabama,Montgomery,Technology,Machines,Paper Shredder,13,0.0,13913.99,639.45
US-2024-100362,2024-11-23,2024-11-26,Same Day,Matthew Rodriguez,Consumer,South,Tennessee,Nashville,Office Supplies,Art,Markers Set,13,0.0,267.64,41.39
US-2024-101415,2024-11-23,2024-11-29,First Class,Nancy Moore,Consumer,South,Florida,Orlando,Technology,Machines,Label Printer,9,0.15,2837.98,-169.3
US-2024-100357,2024-11-23,2024-11-24,Standard Class,Thomas Garcia,Consumer,South,North Carolina,Charlotte,Furniture,Furnishings,Floor Mat,2,0.0,360.86,58.75
US-2024-101430,2024-11-24,2024-11-27,Standard Class,Sarah Taylor,Consumer,Central,Texas,Austin,Furniture,Bookcases,Corner Bookcase,6,0.2,1467.58,256.33
US-2024-100436,2024-11-24,2024-11-26,First Class,Linda Davis,Home Office,East,New Jersey,Newark,Furniture,Chairs,Mesh Task Chair,7,0.0,4270.63,234.57
US-2024-100492,2024-11-25,2024-12-02,Standard Class,Sarah Davis,Home Office,Central,Wisconsin,Milwaukee,Technology,Accessories,USB-C Hub,9,0.15,3833.43,655.61
US-2024-100292,2024-11-25,2024-11-28,Standard Class,Richard Gonzalez,Consumer,South,Alabama,Montgomery,Office Supplies,Art,Highlighters,9,0.2,101.37,15.82
US-2024-100229,2024-11-25,2024-12-01,Standard Class,Robert Williams,Corporate,West,Arizona,Phoenix,Furniture,Tables,Glass Coffee Table,7,0.1,3140.66,8.74
US-2024-101956,2024-11-26,2024-12-01,Standard Class,Karen Williams,Consumer,East,Virginia,Arlington,Furniture,Furnishings,Wall Clock,11,0.2,7010.88,1158.76
US-2024-101971,2024-11-26,2024-11-28,Standard Class,Lisa Thomas,Corporate,West,Arizona,Tucson,Technology,Copiers,Desktop Copier,11,0.0,3877.35,223.55
US-2024-100583,2024-11-26,2024-11-30,Standard Class,Charles Davis,Consumer,South,Florida,Miami,Furniture,Tables,Round Conference Table,6,0.2,3351.95,14.82
US-2024-101681,2024-11-27,2024-12-02,Standard Class,Margaret Martinez,Consumer,South,North Carolina,Raleigh,Technology,Machines,Label Printer,13,0.0,2911.26,570.18
US-2024-100255,2024-11-28,2024-12-01,Standard Class,Anthony Johnson,Corporate,West,Washington,Spokane,Technology,Phones,Phone Case,6,0.1,4867.17,65.95
US-2024-100640,2024-11-28,2024-12-04,Same Day,Jennifer Lopez,Home Office,East,New York,New York City,Office Supplies,Art,Ballpoint Pens (12pk),14,0.0,641.74,66.36
US-2024-101923,2024-11-29,2024-12-05,First Class,Jennifer Anderson,Consumer,South,Florida,Orlando,Furniture,Bookcases,5-Shelf Bookcase,6,0.0,3983.7,659.31
US-2024-101038,2024-11-29,2024-12-01,Standard Class,Sandra Moore,Consumer,West,Oregon,Eugene,Office Supplies,Binders,3-Ring Binder,12,0.15,203.32,17.48
US-2024-100083,2024-11-29,2024-12-06,Second Class,Michael Moore,Consumer,Central,Ohio,Columbus,Furniture,Chairs,Ergonomic Office Chair,6,0.0,3725.91,70.76
US-2024-100910,2024-11-30,2024-12-05,Standard Class,William Rodriguez,Consumer,South,Tennessee,Memphis,Furniture,Bookcases,Corner Bookcase,12,0.3,4568.63,681.86
US-2024-101642,2024-11-30,2024-12-02,Standard Class,Matthew Martinez,Corporate,Central,Texas,Houston,Technology,Accessories,Wireless Mouse,14,0.2,6323.17,1211.88
US-2024-101168,2024-12-01,2024-12-07,Standard Class,Jennifer Anderson,Home Office,South,Alabama,Montgomery,Furniture,Chairs,Ergonomic Office Chair,10,0.0,8813.26,738.74
US-2024-100501,2024-12-01,2024-12-03,Standard Class,James Rodriguez,Consumer,South,Alabama,Montgomery,Furniture,Chairs,Executive Leather Chair,1,0.2,503.82,25.14
US-2024-100628,2024-12-02,2024-12-04,Standard Class,Thomas Thomas,Corporate,Central,Wisconsin,Madison,Office Supplies,Storage,Storage Bin,13,0.0,564.71,186.84
US-2024-100069,2024-12-02,2024-12-07,First Class,Jessica Smith,Corporate,West,Oregon,Eugene,Office Supplies,Storage,Storage Box,2,0.1,47.8,5.46
US-2024-101865,2024-12-02,2024-12-06,Same Day,Linda Davis,Consumer,West,Washington,Spokane,Technology,Phones,Smartphone X200,9,0.1,268.97,-8.72
US-2024-101644,2024-12-03,2024-12-08,Standard Class,John Brown,Consumer,Central,Texas,Houston,Office Supplies,Art,Markers Set,5,0.0,222.97,17.5
US-2024-101016,2024-12-03,2024-12-06,Standard Class,Chris Brown,Corporate,East,New York,Buffalo,Technology,Phones,Phone Case,10,0.1,1450.04,158.39
US-2024-100051,2024-12-03,2024-12-06,First Class,Susan Davis,Home Office,Central,Texas,Austin,Office Supplies,Art,Markers Set,9,0.0,354.6,118.69
US-2024-100824,2024-12-03,2024-12-10,First Class,Margaret Martinez,Consumer,East,New York,New York City,Office Supplies,Binders,3-Ring Binder,12,0.3,295.48,18.23
US-2024-100933,2024-12-04,2024-12-10,Standard Class,Matthew Garcia,Consumer,West,Washington,Spokane,Furniture,Tables,Glass Coffee Table,8,0.0,3235.95,412.31
US-2024-101634,2024-12-05,2024-12-07,Standard Class,Susan Davis,Consumer,West,Nevada,Las Vegas,Technology,Copiers,Desktop Copier,1,0.0,486.5,115.2
US-2024-101251,2024-12-05,2024-12-10,Second Class,James Jackson,Corporate,West,Nevada,Reno,Office Supplies,Labels,Address Labels,14,0.0,318.11,98.35
US-2024-101571,2024-12-06,2024-12-11,Standard Class,Mark Lopez,Home Office,East,Pennsylvania,Philadelphia,Office Supplies,Storage,Storage Bin,4,0.0,172.07,22.01
US-2024-100342,2024-12-06,2024-12-07,First Class,Karen Garcia,Corporate,Central,Ohio,Cleveland,Technology,Accessories,Laptop Sleeve,12,0.0,9879.24,-160.65
US-2024-101153,2024-12-06,2024-12-11,Standard Class,Michael Moore,Corporate,West,California,San Diego,Furniture,Chairs,Mesh Task Chair,3,0.15,2125.03,268.65
US-2024-100181,2024-12-06,2024-12-07,First Class,Patricia Lopez,Consumer,South,Georgia,Savannah,Office Supplies,Storage,Filing Cabinet,5,0.2,19.52,2.27
US-2024-100032,2024-12-06,2024-12-11,Standard Class,Richard Anderson,Consumer,East,New Jersey,Newark,Furniture,Tables,Glass Coffee Table,8,0.2,1949.81,106.12
US-2024-101088,2024-12-06,2024-12-08,Same Day,Betty Wilson,Corporate,East,New Jersey,Newark,Technology,Accessories,Laptop Sleeve,7,0.15,4772.98,244.76
US-2024-101237,2024-12-07,2024-12-10,Standard Class,Linda Johnson,Consumer,South,Tennessee,Nashville,Furniture,Bookcases,5-Shelf Bookcase,1,0.0,355.62,43.88
US-2024-100852,2024-12-07,2024-12-08,Standard Class,Daniel Williams,Consumer,East,Massachusetts,Worcester,Furniture,Tables,Round Conference Table,5,0.1,3528.37,-125.32
US-2024-100063,2024-12-07,2024-12-10,Second Class,David Taylor,Home Office,South,North Carolina,Charlotte,Office Supplies,Storage,Storage Box,2,0.1,14.65,4.56
US-2024-100351,2024-12-08,2024-12-11,Standard Class,Jennifer Lopez,Home Office,West,Nevada,Reno,Technology,Phones,Smartphone X200,3,0.2,1750.2,-155.89
US-2024-100445,2024-12-08,2024-12-13,Standard Class,Robert Williams,Corporate,West,Nevada,Reno,Office Supplies,Art,Markers Set,5,0.3,11.72,3.94
US-2024-101293,2024-12-08,2024-12-12,First Class,Mark Martinez,Consumer,West,Oregon,Eugene,Technology,Copiers,Desktop Copier,5,0.0,232.84,27.42
US-2024-100129,2024-12-09,2024-12-13,Standard Class,James Jackson,Consumer,East,Massachusetts,Worcester,Furniture,Furnishings,Floor Mat,9,0.2,654.36,56.65
US-2024-100550,2024-12-09,2024-12-11,Standard Class,Karen Hernandez,Consumer,East,Pennsylvania,Pittsburgh,Furniture,Tables,Round Conference Table,5,0.2,1159.52,115.89
US-2024-101715,2024-12-09,2024-12-11,Second Class,Mark Hernandez,Corporate,East,New Jersey,Jersey City,Office Supplies,Paper,Copy Paper 500ct,8,0.0,209.03,17.72
US-2024-101465,2024-12-10,2024-12-12,Standard Class,Sarah Rodriguez,Home Office,West,California,Los Angeles,Furniture,Furnishings,Desk Lamp,2,0.0,924.42,149.36
US-2024-100434,2024-12-10,2024-12-12,Standard Class,Robert Moore,Consumer,South,North Carolina,Charlotte,Furniture,Chairs,Ergonomic Office Chair,8,0.4,2803.65,73.59
US-2024-101834,2024-12-10,2024-12-11,First Class,Lisa Thomas,Consumer,East,New York,Albany,Technology,Accessories,Wireless Mouse,10,0.0,10941.66,-189.78
US-2024-100135,2024-12-11,2024-12-13,Standard Class,Sandra Moore,Consumer,Central,Wisconsin,Milwaukee,Technology,Machines,Label Printer,9,0.1,5690.44,1418.52
US-2024-100508,2024-12-11,2024-12-13,Second Class,Anthony Williams,Consumer,West,Washington,Spokane,Technology,Accessories,USB-C Hub,12,0.1,7052.29,659.57
US-2024-100881,2024-12-11,2024-12-12,Second Class,Thomas Thomas,Home Office,Central,Illinois,Springfield,Technology,Copiers,Multifunction Printer,2,0.3,1428.63,-112.79
US-2024-100906,2024-12-12,2024-12-18,First Class,Nancy Moore,Home Office,West,California,San Francisco,Office Supplies,Labels,Shipping Labels,8,0.1,400.12,77.34
US-2024-100017,2024-12-13,2024-12-18,Standard Class,Matthew Moore,Corporate,South,Tennessee,Memphis,Office Supplies,Binders,3-Ring Binder,8,0.1,118.47,29.65
US-2024-101347,2024-12-13,2024-12-17,Standard Class,James Williams,Consumer,Central,Michigan,Ann Arbor,Technology,Phones,Smartphone X200,10,0.3,7067.76,319.6
US-2024-100208,2024-12-13,2024-12-16,Standard Class,Linda Jones,Corporate,West,Oregon,Eugene,Furniture,Tables,Glass Coffee Table,12,0.4,4450.86,776.4
US-2024-101972,2024-12-14,2024-12-16,Standard Class,John Garcia,Consumer,South,Georgia,Atlanta,Office Supplies,Binders,View Binder,10,0.3,111.06,9.29
US-2024-101509,2024-12-14,2024-12-19,Standard Class,Sandra Jackson,Corporate,East,Pennsylvania,Pittsburgh,Office Supplies,Labels,Shipping Labels,10,0.4,37.78,3.34
US-2024-101947,2024-12-14,2024-12-19,Second Class,Daniel Williams,Consumer,West,Nevada,Reno,Technology,Phones,Cordless Phone,7,0.4,3994.78,928.16
US-2024-100719,2024-12-14,2024-12-20,Standard Class,Margaret Brown,Consumer,West,Arizona,Tucson,Office Supplies,Paper,Colored Cardstock,5,0.3,122.68,25.99
US-2024-100050,2024-12-14,2024-12-19,Second Class,Patricia Lopez,Consumer,Central,Ohio,Columbus,Furniture,Tables,Adjustable Height Desk,7,0.15,3292.53,466.71
US-2024-101752,2024-12-14,2024-12-18,Standard Class,Jennifer Anderson,Consumer,East,Pennsylvania,Pittsburgh,Office Supplies,Paper,Colored Cardstock,3,0.0,140.12,42.94
US-2024-100748,2024-12-14,2024-12-18,Second Class,Matthew Martinez,Consumer,West,Oregon,Eugene,Furniture,Furnishings,Wall Clock,6,0.1,1987.78,223.97
US-2024-100164,2024-12-15,2024-12-18,Standard Class,Jessica Smith,Consumer,East,Virginia,Arlington,Office Supplies,Paper,Copy Paper 500ct,10,0.15,362.38,38.58
US-2024-101384,2024-12-15,2024-12-21,First Class,Richard Rodriguez,Consumer,West,Oregon,Eugene,Technology,Copiers,Desktop Copier,1,0.1,711.17,112.82
US-2024-101467,2024-12-15,2024-12-20,First Class,Chris Brown,Home Office,Central,Illinois,Chicago,Furniture,Bookcases,5-Shelf Bookcase,5,0.0,2144.72,222.43
US-2024-101243,2024-12-16,2024-12-20,Second Class,Thomas Garcia,Consumer,South,Florida,Miami,Furniture,Chairs,Stackable Chair,7,0.0,1283.15,169.7
US-2024-101673,2024-12-16,2024-12-21,Standard Class,John Lopez,Consumer,Central,Ohio,Cleveland,Office Supplies,Labels,Shipping Labels,5,0.3,104.15,7.91
US-2024-101160,2024-12-16,2024-12-23,Same Day,Charles Davis,Home Office,South,Tennessee,Nashville,Office Supplies,Art,Highlighters,7,0.0,361.51,113.44
US-2024-101691,2024-12-16,2024-12-21,Standard Class,Michael Davis,Corporate,East,Massachusetts,Boston,Technology,Copiers,Desktop Copier,4,0.0,2534.56,687.96
US-2024-101281,2024-12-16,2024-12-23,First Class,Sarah Smith,Consumer,South,North Carolina,Raleigh,Office Supplies,Labels,Address Labels,10,0.2,363.33,83.37
US-2024-100760,2024-12-16,2024-12-18,Second Class,Daniel Williams,Corporate,Central,Illinois,Springfield,Office Supplies,Art,Markers Set,3,0.3,99.4,23.14
US-2024-100472,2024-12-16,2024-12-20,Standard Class,Daniel Martinez,Home Office,Central,Ohio,Cleveland,Office Supplies,Storage,Filing Cabinet,12,0.0,667.83,223.94
US-2024-101372,2024-12-17,2024-12-21,Second Class,Robert Davis,Consumer,Central,Ohio,Columbus,Office Supplies,Paper,Colored Cardstock,2,0.0,46.74,10.46
US-2024-100045,2024-12-17,2024-12-20,Standard Class,Richard Rodriguez,Consumer,Central,Illinois,Springfield,Technology,Phones,Smartphone X200,1,0.15,298.47,-24.28
US-2024-100475,2024-12-17,2024-12-18,Standard Class,Thomas Garcia,Consumer,South,Georgia,Savannah,Technology,Copiers,Desktop Copier,2,0.3,304.47,-4.95
US-2024-100502,2024-12-18,2024-12-20,Standard Class,Mary Davis,Consumer,South,Georgia,Atlanta,Technology,Accessories,Wireless Mouse,11,0.2,7537.72,-234.79
US-2024-100565,2024-12-18,2024-12-23,Standard Class,Robert Hernandez,Consumer,East,New Jersey,Jersey City,Technology,Machines,Paper Shredder,8,0.0,6679.08,175.12
US-2024-101780,2024-12-18,2024-12-23,Second Class,Richard Lopez,Consumer,East,Pennsylvania,Philadelphia,Technology,Machines,Paper Shredder,14,0.2,11886.82,638.72
US-2024-100192,2024-12-19,2024-12-21,Standard Class,Lisa Moore,Consumer,West,California,Los Angeles,Technology,Copiers,Multifunction Printer,4,0.15,1299.84,169.16
US-2024-100570,2024-12-19,2024-12-22,Standard Class,Thomas Thomas,Consumer,Central,Michigan,Ann Arbor,Office Supplies,Art,Markers Set,14,0.4,227.98,31.12
US-2024-100989,2024-12-19,2024-12-26,Standard Class,Mark Hernandez,Consumer,South,Tennessee,Nashville,Technology,Accessories,Wireless Mouse,6,0.15,3267.63,49.13
US-2024-101568,2024-12-19,2024-12-20,Standard Class,James Moore,Consumer,East,Pennsylvania,Philadelphia,Office Supplies,Labels,Address Labels,3,0.0,60.33,15.34
US-2024-100743,2024-12-21,2024-12-23,Standard Class,Karen Garcia,Home Office,Central,Texas,Dallas,Office Supplies,Storage,Storage Bin,5,0.3,169.87,14.53
US-2024-101572,2024-12-21,2024-12-22,Standard Class,Richard Lopez,Corporate,East,Pennsylvania,Philadelphia,Office Supplies,Binders,View Binder,10,0.2,19.23,3.82
US-2024-101583,2024-12-21,2024-12-27,Standard Class,Nancy Moore,Corporate,South,North Carolina,Charlotte,Furniture,Tables,Round Conference Table,1,0.3,296.21,29.13
US-2024-101896,2024-12-21,2024-12-25,Same Day,Karen Miller,Home Office,West,Oregon,Portland,Office Supplies,Binders,3-Ring Binder,10,0.0,356.68,18.45
US-2024-101126,2024-12-22,2024-12-28,Standard Class,Michael Davis,Consumer,West,Oregon,Portland,Office Supplies,Labels,Address Labels,7,0.15,320.18,47.07
US-2024-100158,2024-12-22,2024-12-28,Second Class,Sarah Garcia,Consumer,East,Massachusetts,Worcester,Office Supplies,Binders,3-Ring Binder,10,0.0,504.84,79.12
US-2024-101348,2024-12-23,2024-12-24,First Class,Lisa Thomas,Consumer,West,Oregon,Eugene,Furniture,Chairs,Ergonomic Office Chair,10,0.4,3796.5,75.15
US-2024-101394,2024-12-23,2024-12-25,Standard Class,Michael Thomas,Corporate,East,New Jersey,Newark,Office Supplies,Labels,Address Labels,9,0.0,208.4,58.59
US-2024-100758,2024-12-23,2024-12-27,Standard Class,Nancy Rodriguez,Home Office,South,Georgia,Savannah,Technology,Phones,Cordless Phone,10,0.2,9069.64,154.57
US-2024-100400,2024-12-24,2024-12-25,Second Class,Joseph Jackson,Home Office,Central,Texas,Austin,Office Supplies,Paper,Sticky Notes,8,0.4,277.6,64.65
US-2024-101453,2024-12-24,2024-12-29,Standard Class,John Miller,Corporate,East,Massachusetts,Boston,Technology,Phones,Cordless Phone,2,0.1,2023.2,-168.74
US-2024-100112,2024-12-25,2024-12-27,First Class,Joseph Lopez,Consumer,South,Tennessee,Nashville,Office Supplies,Paper,Sticky Notes,13,0.1,62.5,10.41
US-2024-100493,2024-12-25,2025-01-01,Second Class,Sandra Moore,Home Office,East,Pennsylvania,Pittsburgh,Office Supplies,Storage,Storage Box,4,0.1,94.53,18.02
US-2024-101633,2024-12-25,2024-12-30,Standard Class,Nancy Moore,Consumer,West,California,San Francisco,Technology,Accessories,Wireless Mouse,1,0.0,129.65,19.55
US-2024-100421,2024-12-25,2024-12-29,Second Class,Mark Martinez,Home Office,Central,Ohio,Columbus,Office Supplies,Storage,Storage Bin,5,0.1,265.57,14.54
US-2024-101562,2024-12-26,2024-12-27,Standard Class,Betty Hernandez,Consumer,East,New York,New York City,Furniture,Tables,Adjustable Height Desk,14,0.4,6488.64,731.76
US-2024-101006,2024-12-26,2025-01-01,Standard Class,Jennifer Anderson,Corporate,South,Florida,Orlando,Technology,Accessories,USB-C Hub,10,0.15,9339.31,2553.14
US-2024-100986,2024-12-26,2024-12-27,Standard Class,Michael Moore,Home Office,South,Tennessee,Memphis,Furniture,Chairs,Ergonomic Office Chair,12,0.0,9194.49,1248.48
US-2024-100875,2024-12-26,2024-12-27,Standard Class,Barbara Miller,Home Office,East,Pennsylvania,Philadelphia,Furniture,Bookcases,5-Shelf Bookcase,7,0.0,4703.29,534.3
US-2024-100706,2024-12-27,2025-01-02,Standard Class,Richard Brown,Corporate,Central,Texas,Dallas,Technology,Machines,Label Printer,14,0.0,4099.5,523.25
US-2024-100452,2024-12-27,2024-12-29,Standard Class,David Smith,Consumer,West,Nevada,Reno,Office Supplies,Art,Ballpoint Pens (12pk),6,0.0,173.56,45.83
US-2024-100448,2024-12-27,2025-01-02,Standard Class,John Thomas,Home Office,South,Tennessee,Nashville,Office Supplies,Paper,Copy Paper 500ct,8,0.0,282.84,53.09
US-2024-101366,2024-12-27,2024-12-29,Standard Class,John Rodriguez,Corporate,East,Pennsylvania,Pittsburgh,Furniture,Bookcases,5-Shelf Bookcase,5,0.3,535.2,47.14
US-2024-101361,2024-12-28,2024-12-29,First Class,Joseph Smith,Consumer,West,Arizona,Phoenix,Furniture,Tables,Adjustable Height Desk,11,0.0,9857.37,-162.06
US-2024-100842,2024-12-29,2024-12-30,Standard Class,Karen Rodriguez,Consumer,West,Nevada,Reno,Technology,Copiers,Desktop Copier,14,0.0,10240.56,1964.54
US-2024-100504,2024-12-29,2025-01-02,Standard Class,Sarah Davis,Consumer,South,Florida,Tampa,Office Supplies,Binders,View Binder,4,0.0,19.03,2.16
US-2024-101511,2024-12-29,2025-01-05,Standard Class,Sarah Smith,Corporate,West,Oregon,Eugene,Technology,Accessories,Laptop Sleeve,2,0.4,1062.43,120.16
US-2024-101434,2024-12-30,2025-01-02,Standard Class,Nancy Moore,Home Office,East,Virginia,Arlington,Technology,Copiers,Multifunction Printer,12,0.2,1892.36,111.9
US-2024-100474,2024-12-30,2025-01-01,Standard Class,Betty Johnson,Corporate,West,Oregon,Eugene,Technology,Copiers,Desktop Copier,14,0.1,13008.98,188.79
US-2024-101831,2024-12-31,2025-01-07,Standard Class,Chris Brown,Corporate,East,New York,New York City,Technology,Phones,Cordless Phone,6,0.0,5664.29,1396.76
